"token","layer","documented","type","nameZh","nameEn","descriptionZh","descriptionEn","defaultValue","darkValue","compactValue","darkCompactValue","sourceUrl"
"blue","seed","true","color","预设blue颜色","Preset blue color","预设blue颜色","Preset blue color","#1677FF","#1677FF","#1677FF","#1677FF","https://github.com/ant-design/ant-design/blob/164a310f742f801c49b3ff748b2823d5596104bd/components/theme/interface/seeds.ts"
"blue-1","runtime-computed","false","string","","","","","#e6f4ff","#111a2c","#e6f4ff","#111a2c","https://github.com/ant-design/ant-design/blob/164a310f742f801c49b3ff748b2823d5596104bd/components/theme/useToken.ts"
"blue-10","runtime-computed","false","string","","","","","#001d66","#b7dcfa","#001d66","#b7dcfa","https://github.com/ant-design/ant-design/blob/164a310f742f801c49b3ff748b2823d5596104bd/components/theme/useToken.ts"
"blue-2","runtime-computed","false","string","","","","","#bae0ff","#112545","#bae0ff","#112545","https://github.com/ant-design/ant-design/blob/164a310f742f801c49b3ff748b2823d5596104bd/components/theme/useToken.ts"
"blue-3","runtime-computed","false","string","","","","","#91caff","#15325b","#91caff","#15325b","https://github.com/ant-design/ant-design/blob/164a310f742f801c49b3ff748b2823d5596104bd/components/theme/useToken.ts"
"blue-4","runtime-computed","false","string","","","","","#69b1ff","#15417e","#69b1ff","#15417e","https://github.com/ant-design/ant-design/blob/164a310f742f801c49b3ff748b2823d5596104bd/components/theme/useToken.ts"
"blue-5","runtime-computed","false","string","","","","","#4096ff","#1554ad","#4096ff","#1554ad","https://github.com/ant-design/ant-design/blob/164a310f742f801c49b3ff748b2823d5596104bd/components/theme/useToken.ts"
"blue-6","runtime-computed","false","string","","","","","#1677ff","#1668dc","#1677ff","#1668dc","https://github.com/ant-design/ant-design/blob/164a310f742f801c49b3ff748b2823d5596104bd/components/theme/useToken.ts"
"blue-7","runtime-computed","false","string","","","","","#0958d9","#3c89e8","#0958d9","#3c89e8","https://github.com/ant-design/ant-design/blob/164a310f742f801c49b3ff748b2823d5596104bd/components/theme/useToken.ts"
"blue-8","runtime-computed","false","string","","","","","#003eb3","#65a9f3","#003eb3","#65a9f3","https://github.com/ant-design/ant-design/blob/164a310f742f801c49b3ff748b2823d5596104bd/components/theme/useToken.ts"
"blue-9","runtime-computed","false","string","","","","","#002c8c","#8dc5f8","#002c8c","#8dc5f8","https://github.com/ant-design/ant-design/blob/164a310f742f801c49b3ff748b2823d5596104bd/components/theme/useToken.ts"
"blue1","runtime-computed","false","string","","","","","#e6f4ff","#111a2c","#e6f4ff","#111a2c","https://github.com/ant-design/ant-design/blob/164a310f742f801c49b3ff748b2823d5596104bd/components/theme/useToken.ts"
"blue10","runtime-computed","false","string","","","","","#001d66","#b7dcfa","#001d66","#b7dcfa","https://github.com/ant-design/ant-design/blob/164a310f742f801c49b3ff748b2823d5596104bd/components/theme/useToken.ts"
"blue2","runtime-computed","false","string","","","","","#bae0ff","#112545","#bae0ff","#112545","https://github.com/ant-design/ant-design/blob/164a310f742f801c49b3ff748b2823d5596104bd/components/theme/useToken.ts"
"blue3","runtime-computed","false","string","","","","","#91caff","#15325b","#91caff","#15325b","https://github.com/ant-design/ant-design/blob/164a310f742f801c49b3ff748b2823d5596104bd/components/theme/useToken.ts"
"blue4","runtime-computed","false","string","","","","","#69b1ff","#15417e","#69b1ff","#15417e","https://github.com/ant-design/ant-design/blob/164a310f742f801c49b3ff748b2823d5596104bd/components/theme/useToken.ts"
"blue5","runtime-computed","false","string","","","","","#4096ff","#1554ad","#4096ff","#1554ad","https://github.com/ant-design/ant-design/blob/164a310f742f801c49b3ff748b2823d5596104bd/components/theme/useToken.ts"
"blue6","runtime-computed","false","string","","","","","#1677ff","#1668dc","#1677ff","#1668dc","https://github.com/ant-design/ant-design/blob/164a310f742f801c49b3ff748b2823d5596104bd/components/theme/useToken.ts"
"blue7","runtime-computed","false","string","","","","","#0958d9","#3c89e8","#0958d9","#3c89e8","https://github.com/ant-design/ant-design/blob/164a310f742f801c49b3ff748b2823d5596104bd/components/theme/useToken.ts"
"blue8","runtime-computed","false","string","","","","","#003eb3","#65a9f3","#003eb3","#65a9f3","https://github.com/ant-design/ant-design/blob/164a310f742f801c49b3ff748b2823d5596104bd/components/theme/useToken.ts"
"blue9","runtime-computed","false","string","","","","","#002c8c","#8dc5f8","#002c8c","#8dc5f8","https://github.com/ant-design/ant-design/blob/164a310f742f801c49b3ff748b2823d5596104bd/components/theme/useToken.ts"
"blueActive","runtime-computed","false","string","","","","","#0958d9","#3c89e8","#0958d9","#3c89e8","https://github.com/ant-design/ant-design/blob/164a310f742f801c49b3ff748b2823d5596104bd/components/theme/useToken.ts"
"blueHover","runtime-computed","false","string","","","","","#4096ff","#1554ad","#4096ff","#1554ad","https://github.com/ant-design/ant-design/blob/164a310f742f801c49b3ff748b2823d5596104bd/components/theme/useToken.ts"
"borderRadius","seed","true","number","基础圆角","Base Border Radius","基础组件的圆角大小，例如按钮、输入框、卡片等","Border radius of base components","6","6","6","6","https://github.com/ant-design/ant-design/blob/164a310f742f801c49b3ff748b2823d5596104bd/components/theme/interface/seeds.ts"
"borderRadiusLG","map","true","number","LG号圆角","LG Border Radius","LG号圆角，用于组件中的一些大圆角，如 Card、Modal 等一些组件样式。","LG size border radius, used in some large border radius components, such as Card, Modal and other components.","8","8","8","8","https://github.com/ant-design/ant-design/blob/164a310f742f801c49b3ff748b2823d5596104bd/components/theme/interface/maps/index.ts"
"borderRadiusOuter","map","true","number","外部圆角","Outer Border Radius","外部圆角","Outer border radius","4","4","4","4","https://github.com/ant-design/ant-design/blob/164a310f742f801c49b3ff748b2823d5596104bd/components/theme/interface/maps/index.ts"
"borderRadiusSM","map","true","number","SM号圆角","SM Border Radius","SM号圆角，用于组件小尺寸下的圆角，如 Button、Input、Select 等输入类控件在 small size 下的圆角","SM size border radius, used in small size components, such as Button, Input, Select and other input components in small size","4","4","4","4","https://github.com/ant-design/ant-design/blob/164a310f742f801c49b3ff748b2823d5596104bd/components/theme/interface/maps/index.ts"
"borderRadiusXS","map","true","number","XS号圆角","XS Border Radius","XS号圆角，用于组件中的一些小圆角，如 Segmented 、Arrow 等一些内部圆角的组件样式中。","XS size border radius, used in some small border radius components, such as Segmented, Arrow and other components with small border radius.","2","2","2","2","https://github.com/ant-design/ant-design/blob/164a310f742f801c49b3ff748b2823d5596104bd/components/theme/interface/maps/index.ts"
"boxShadow","alias","true","string","一级阴影","Box shadow","控制元素阴影样式。","Control the box shadow style of an element.","
      0 6px 16px 0 rgba(0,0,0,0.08),
      0 3px 6px -4px rgba(0,0,0,0.12),
      0 9px 28px 8px rgba(0,0,0,0.05)
    ","
      0 6px 16px 0 rgba(255,255,255,0.016),
      0 3px 6px -4px rgba(255,255,255,0.024),
      0 9px 28px 8px rgba(255,255,255,0.010000000000000002)
    ","
      0 6px 16px 0 rgba(0,0,0,0.08),
      0 3px 6px -4px rgba(0,0,0,0.12),
      0 9px 28px 8px rgba(0,0,0,0.05)
    ","
      0 6px 16px 0 rgba(255,255,255,0.016),
      0 3px 6px -4px rgba(255,255,255,0.024),
      0 9px 28px 8px rgba(255,255,255,0.010000000000000002)
    ","https://github.com/ant-design/ant-design/blob/164a310f742f801c49b3ff748b2823d5596104bd/components/theme/interface/alias.ts"
"boxShadowCard","runtime-computed","false","string","","","","","
      0 1px 2px -2px rgba(0,0,0,0.16),
      0 3px 6px 0 rgba(0,0,0,0.12),
      0 5px 12px 4px rgba(0,0,0,0.09)
    ","
      0 1px 2px -2px rgba(255,255,255,0.032),
      0 3px 6px 0 rgba(255,255,255,0.024),
      0 5px 12px 4px rgba(255,255,255,0.018)
    ","
      0 1px 2px -2px rgba(0,0,0,0.16),
      0 3px 6px 0 rgba(0,0,0,0.12),
      0 5px 12px 4px rgba(0,0,0,0.09)
    ","
      0 1px 2px -2px rgba(255,255,255,0.032),
      0 3px 6px 0 rgba(255,255,255,0.024),
      0 5px 12px 4px rgba(255,255,255,0.018)
    ","https://github.com/ant-design/ant-design/blob/164a310f742f801c49b3ff748b2823d5596104bd/components/theme/useToken.ts"
"boxShadowDrawerDown","runtime-computed","false","string","","","","","
      0 -6px 16px 0 rgba(0,0,0,0.08),
      0 -3px 6px -4px rgba(0,0,0,0.12),
      0 -9px 28px 8px rgba(0,0,0,0.05)
    ","
      0 -6px 16px 0 rgba(255,255,255,0.016),
      0 -3px 6px -4px rgba(255,255,255,0.024),
      0 -9px 28px 8px rgba(255,255,255,0.010000000000000002)
    ","
      0 -6px 16px 0 rgba(0,0,0,0.08),
      0 -3px 6px -4px rgba(0,0,0,0.12),
      0 -9px 28px 8px rgba(0,0,0,0.05)
    ","
      0 -6px 16px 0 rgba(255,255,255,0.016),
      0 -3px 6px -4px rgba(255,255,255,0.024),
      0 -9px 28px 8px rgba(255,255,255,0.010000000000000002)
    ","https://github.com/ant-design/ant-design/blob/164a310f742f801c49b3ff748b2823d5596104bd/components/theme/useToken.ts"
"boxShadowDrawerLeft","runtime-computed","false","string","","","","","
      6px 0 16px 0 rgba(0,0,0,0.08),
      3px 0 6px -4px rgba(0,0,0,0.12),
      9px 0 28px 8px rgba(0,0,0,0.05)
    ","
      6px 0 16px 0 rgba(255,255,255,0.016),
      3px 0 6px -4px rgba(255,255,255,0.024),
      9px 0 28px 8px rgba(255,255,255,0.010000000000000002)
    ","
      6px 0 16px 0 rgba(0,0,0,0.08),
      3px 0 6px -4px rgba(0,0,0,0.12),
      9px 0 28px 8px rgba(0,0,0,0.05)
    ","
      6px 0 16px 0 rgba(255,255,255,0.016),
      3px 0 6px -4px rgba(255,255,255,0.024),
      9px 0 28px 8px rgba(255,255,255,0.010000000000000002)
    ","https://github.com/ant-design/ant-design/blob/164a310f742f801c49b3ff748b2823d5596104bd/components/theme/useToken.ts"
"boxShadowDrawerRight","runtime-computed","false","string","","","","","
      -6px 0 16px 0 rgba(0,0,0,0.08),
      -3px 0 6px -4px rgba(0,0,0,0.12),
      -9px 0 28px 8px rgba(0,0,0,0.05)
    ","
      -6px 0 16px 0 rgba(255,255,255,0.016),
      -3px 0 6px -4px rgba(255,255,255,0.024),
      -9px 0 28px 8px rgba(255,255,255,0.010000000000000002)
    ","
      -6px 0 16px 0 rgba(0,0,0,0.08),
      -3px 0 6px -4px rgba(0,0,0,0.12),
      -9px 0 28px 8px rgba(0,0,0,0.05)
    ","
      -6px 0 16px 0 rgba(255,255,255,0.016),
      -3px 0 6px -4px rgba(255,255,255,0.024),
      -9px 0 28px 8px rgba(255,255,255,0.010000000000000002)
    ","https://github.com/ant-design/ant-design/blob/164a310f742f801c49b3ff748b2823d5596104bd/components/theme/useToken.ts"
"boxShadowDrawerUp","runtime-computed","false","string","","","","","
      0 6px 16px 0 rgba(0,0,0,0.08),
      0 3px 6px -4px rgba(0,0,0,0.12),
      0 9px 28px 8px rgba(0,0,0,0.05)
    ","
      0 6px 16px 0 rgba(255,255,255,0.016),
      0 3px 6px -4px rgba(255,255,255,0.024),
      0 9px 28px 8px rgba(255,255,255,0.010000000000000002)
    ","
      0 6px 16px 0 rgba(0,0,0,0.08),
      0 3px 6px -4px rgba(0,0,0,0.12),
      0 9px 28px 8px rgba(0,0,0,0.05)
    ","
      0 6px 16px 0 rgba(255,255,255,0.016),
      0 3px 6px -4px rgba(255,255,255,0.024),
      0 9px 28px 8px rgba(255,255,255,0.010000000000000002)
    ","https://github.com/ant-design/ant-design/blob/164a310f742f801c49b3ff748b2823d5596104bd/components/theme/useToken.ts"
"boxShadowPopoverArrow","runtime-computed","false","string","","","","","2px 2px 5px rgba(0,0,0,0.05)","2px 2px 5px rgba(255,255,255,0.010000000000000002)","2px 2px 5px rgba(0,0,0,0.05)","2px 2px 5px rgba(255,255,255,0.010000000000000002)","https://github.com/ant-design/ant-design/blob/164a310f742f801c49b3ff748b2823d5596104bd/components/theme/useToken.ts"
"boxShadowSecondary","alias","true","string","二级阴影","Secondary box shadow","控制元素二级阴影样式。","Control the secondary box shadow style of an element.","
      0 6px 16px 0 rgba(0,0,0,0.08),
      0 3px 6px -4px rgba(0,0,0,0.12),
      0 9px 28px 8px rgba(0,0,0,0.05)
    ","
      0 6px 16px 0 rgba(255,255,255,0.016),
      0 3px 6px -4px rgba(255,255,255,0.024),
      0 9px 28px 8px rgba(255,255,255,0.010000000000000002)
    ","
      0 6px 16px 0 rgba(0,0,0,0.08),
      0 3px 6px -4px rgba(0,0,0,0.12),
      0 9px 28px 8px rgba(0,0,0,0.05)
    ","
      0 6px 16px 0 rgba(255,255,255,0.016),
      0 3px 6px -4px rgba(255,255,255,0.024),
      0 9px 28px 8px rgba(255,255,255,0.010000000000000002)
    ","https://github.com/ant-design/ant-design/blob/164a310f742f801c49b3ff748b2823d5596104bd/components/theme/interface/alias.ts"
"boxShadowTabsOverflowBottom","runtime-computed","false","string","","","","","inset 0 -10px 8px -8px rgba(0,0,0,0.08)","inset 0 -10px 8px -8px rgba(255,255,255,0.016)","inset 0 -10px 8px -8px rgba(0,0,0,0.08)","inset 0 -10px 8px -8px rgba(255,255,255,0.016)","https://github.com/ant-design/ant-design/blob/164a310f742f801c49b3ff748b2823d5596104bd/components/theme/useToken.ts"
"boxShadowTabsOverflowLeft","runtime-computed","false","string","","","","","inset 10px 0 8px -8px rgba(0,0,0,0.08)","inset 10px 0 8px -8px rgba(255,255,255,0.016)","inset 10px 0 8px -8px rgba(0,0,0,0.08)","inset 10px 0 8px -8px rgba(255,255,255,0.016)","https://github.com/ant-design/ant-design/blob/164a310f742f801c49b3ff748b2823d5596104bd/components/theme/useToken.ts"
"boxShadowTabsOverflowRight","runtime-computed","false","string","","","","","inset -10px 0 8px -8px rgba(0,0,0,0.08)","inset -10px 0 8px -8px rgba(255,255,255,0.016)","inset -10px 0 8px -8px rgba(0,0,0,0.08)","inset -10px 0 8px -8px rgba(255,255,255,0.016)","https://github.com/ant-design/ant-design/blob/164a310f742f801c49b3ff748b2823d5596104bd/components/theme/useToken.ts"
"boxShadowTabsOverflowTop","runtime-computed","false","string","","","","","inset 0 10px 8px -8px rgba(0,0,0,0.08)","inset 0 10px 8px -8px rgba(255,255,255,0.016)","inset 0 10px 8px -8px rgba(0,0,0,0.08)","inset 0 10px 8px -8px rgba(255,255,255,0.016)","https://github.com/ant-design/ant-design/blob/164a310f742f801c49b3ff748b2823d5596104bd/components/theme/useToken.ts"
"boxShadowTertiary","alias","true","string","三级阴影","Tertiary box shadow","控制元素三级盒子阴影样式。","Control the tertiary box shadow style of an element.","
      0 1px 2px 0 rgba(0,0,0,0.05),
      0 1px 6px -1px rgba(0,0,0,0.03),
      0 2px 4px 0 rgba(0,0,0,0.03)
    ","
      0 1px 2px 0 rgba(255,255,255,0.010000000000000002),
      0 1px 6px -1px rgba(255,255,255,0.006),
      0 2px 4px 0 rgba(255,255,255,0.006)
    ","
      0 1px 2px 0 rgba(0,0,0,0.05),
      0 1px 6px -1px rgba(0,0,0,0.03),
      0 2px 4px 0 rgba(0,0,0,0.03)
    ","
      0 1px 2px 0 rgba(255,255,255,0.010000000000000002),
      0 1px 6px -1px rgba(255,255,255,0.006),
      0 2px 4px 0 rgba(255,255,255,0.006)
    ","https://github.com/ant-design/ant-design/blob/164a310f742f801c49b3ff748b2823d5596104bd/components/theme/interface/alias.ts"
"colorBgBase","seed","true","string","基础背景色","Seed Background Color","用于派生背景色梯度的基础变量，v5 中我们添加了一层背景色的派生算法可以产出梯度明确的背景色的梯度变量。但请不要在代码中直接使用该 Seed Token ！","Used to derive the base variable of the background color gradient. In v5, we added a layer of background color derivation algorithm to produce map token of background color. But PLEASE DO NOT USE this Seed Token directly in the code!","#fff","#000","#fff","#000","https://github.com/ant-design/ant-design/blob/164a310f742f801c49b3ff748b2823d5596104bd/components/theme/interface/seeds.ts"
"colorBgBlur","map","true","string","毛玻璃容器背景色","Frosted glass container background color","控制毛玻璃容器的背景色，通常为透明色。","Control the background color of frosted glass container, usually transparent.","transparent","rgba(255,255,255,0.04)","transparent","rgba(255,255,255,0.04)","https://github.com/ant-design/ant-design/blob/164a310f742f801c49b3ff748b2823d5596104bd/components/theme/interface/maps/index.ts"
"colorBgContainer","map","true","string","组件容器背景色","","组件的容器背景色，例如：默认按钮、输入框等。务必不要将其与 `colorBgElevated` 混淆。","Container background color, e.g: default button, input box, etc. Be sure not to confuse this with `colorBgElevated`.","#ffffff","#141414","#ffffff","#141414","https://github.com/ant-design/ant-design/blob/164a310f742f801c49b3ff748b2823d5596104bd/components/theme/interface/maps/index.ts"
"colorBgContainerDisabled","alias","true","string","容器禁用态下的背景色","Disabled container background color","控制容器在禁用状态下的背景色。","Control the background color of container in disabled state.","rgba(0,0,0,0.04)","rgba(255,255,255,0.08)","rgba(0,0,0,0.04)","rgba(255,255,255,0.08)","https://github.com/ant-design/ant-design/blob/164a310f742f801c49b3ff748b2823d5596104bd/components/theme/interface/alias.ts"
"colorBgElevated","map","true","string","浮层容器背景色","","浮层容器背景色，在暗色模式下该 token 的色值会比 `colorBgContainer` 要亮一些。例如：模态框、弹出框、菜单等。","Container background color of the popup layer, in dark mode the color value of this token will be a little brighter than `colorBgContainer`. E.g: modal, pop-up, menu, etc.","#ffffff","#1f1f1f","#ffffff","#1f1f1f","https://github.com/ant-design/ant-design/blob/164a310f742f801c49b3ff748b2823d5596104bd/components/theme/interface/maps/index.ts"
"colorBgLayout","map","true","string","布局背景色","Layout Background Color","该色用于页面整体布局的背景色，只有需要在页面中处于 B1 的视觉层级时才会使用该 token，其他用法都是错误的","This color is used for the background color of the overall layout of the page. This token will only be used when it is necessary to be at the B1 visual level in the page. Other usages are wrong.","#f5f5f5","#000000","#f5f5f5","#000000","https://github.com/ant-design/ant-design/blob/164a310f742f801c49b3ff748b2823d5596104bd/components/theme/interface/maps/index.ts"
"colorBgMask","map","true","string","浮层的背景蒙层颜色","Background color of the mask","浮层的背景蒙层颜色，用于遮罩浮层下面的内容，Modal、Drawer、Image 等组件的蒙层使用的是该 token","The background color of the mask, used to cover the content below the mask, Modal, Drawer, Image and other components use this token","rgba(0,0,0,0.45)","rgba(0,0,0,0.45)","rgba(0,0,0,0.45)","rgba(0,0,0,0.45)","https://github.com/ant-design/ant-design/blob/164a310f742f801c49b3ff748b2823d5596104bd/components/theme/interface/maps/index.ts"
"colorBgSolid","map","true","string","","","实心的背景颜色，目前只用在默认实心按钮背景色上。","Solid background color, currently only used for the default solid button background color.","rgb(0,0,0)","rgba(255,255,255,0.95)","rgb(0,0,0)","rgba(255,255,255,0.95)","https://github.com/ant-design/ant-design/blob/164a310f742f801c49b3ff748b2823d5596104bd/components/theme/interface/maps/index.ts"
"colorBgSolidActive","map","true","string","","","实心的背景颜色激活态，目前只用在默认实心按钮的 active 效果。","Solid background color active state, currently only used in the active effect of the default solid button.","rgba(0,0,0,0.95)","rgba(255,255,255,0.9)","rgba(0,0,0,0.95)","rgba(255,255,255,0.9)","https://github.com/ant-design/ant-design/blob/164a310f742f801c49b3ff748b2823d5596104bd/components/theme/interface/maps/index.ts"
"colorBgSolidHover","map","true","string","","","实心的背景颜色悬浮态，目前只用在默认实心按钮的 hover 效果。","Solid background color hover state, currently only used in the hover effect of the default solid button.","rgba(0,0,0,0.75)","rgb(255,255,255)","rgba(0,0,0,0.75)","rgb(255,255,255)","https://github.com/ant-design/ant-design/blob/164a310f742f801c49b3ff748b2823d5596104bd/components/theme/interface/maps/index.ts"
"colorBgSpotlight","map","true","string","引起注意的背景色","","该色用于引起用户强烈关注注意的背景色，目前只用在 Tooltip 的背景色上。","This color is used to draw the user's strong attention to the background color, and is currently only used in the background color of Tooltip.","rgba(0,0,0,0.85)","#424242","rgba(0,0,0,0.85)","#424242","https://github.com/ant-design/ant-design/blob/164a310f742f801c49b3ff748b2823d5596104bd/components/theme/interface/maps/index.ts"
"colorBgTextActive","alias","true","string","文本激活态背景色","Text active background color","控制文本在激活状态下的背景色。","Control the background color of text in active state.","rgba(0,0,0,0.15)","rgba(255,255,255,0.18)","rgba(0,0,0,0.15)","rgba(255,255,255,0.18)","https://github.com/ant-design/ant-design/blob/164a310f742f801c49b3ff748b2823d5596104bd/components/theme/interface/alias.ts"
"colorBgTextHover","alias","true","string","文本悬停态背景色","Text hover background color","控制文本在悬停状态下的背景色。","Control the background color of text in hover state.","rgba(0,0,0,0.06)","rgba(255,255,255,0.12)","rgba(0,0,0,0.06)","rgba(255,255,255,0.12)","https://github.com/ant-design/ant-design/blob/164a310f742f801c49b3ff748b2823d5596104bd/components/theme/interface/alias.ts"
"colorBorder","map","true","string","一级边框色","Default Border Color","默认使用的边框颜色, 用于分割不同的元素，例如：表单的分割线、卡片的分割线等。","Default border color, used to separate different elements, such as: form separator, card separator, etc.","#d9d9d9","#424242","#d9d9d9","#424242","https://github.com/ant-design/ant-design/blob/164a310f742f801c49b3ff748b2823d5596104bd/components/theme/interface/maps/index.ts"
"colorBorderBg","alias","true","string","背景边框颜色","Background border color","控制元素背景边框的颜色。","Control the color of background border of element.","#ffffff","#141414","#ffffff","#141414","https://github.com/ant-design/ant-design/blob/164a310f742f801c49b3ff748b2823d5596104bd/components/theme/interface/alias.ts"
"colorBorderDisabled","map","true","string","禁用态边框颜色","Disabled state border color","控制元素在禁用状态下的边框颜色。","Control the border color of the element in the disabled state.","#d9d9d9","#424242","#d9d9d9","#424242","https://github.com/ant-design/ant-design/blob/164a310f742f801c49b3ff748b2823d5596104bd/components/theme/interface/maps/index.ts"
"colorBorderSecondary","map","true","string","二级边框色","Secondary Border Color","比默认使用的边框色要浅一级，此颜色和 colorSplit 的颜色一致。使用的是实色。","Slightly lighter than the default border color, this color is the same as `colorSplit`. Solid color is used.","#f0f0f0","#303030","#f0f0f0","#303030","https://github.com/ant-design/ant-design/blob/164a310f742f801c49b3ff748b2823d5596104bd/components/theme/interface/maps/index.ts"
"colorError","seed","true","string","错误色","Error Color","用于表示操作失败的 Token 序列，如失败按钮、错误状态提示（Result）组件等。","Used to represent the visual elements of the operation failure, such as the error Button, error Result component, etc.","#ff4d4f","#dc4446","#ff4d4f","#dc4446","https://github.com/ant-design/ant-design/blob/164a310f742f801c49b3ff748b2823d5596104bd/components/theme/interface/seeds.ts"
"colorErrorActive","map","true","string","错误色的深色激活态","Error active color","错误色的深色激活态","The active state of the error color.","#d9363e","#ad393a","#d9363e","#ad393a","https://github.com/ant-design/ant-design/blob/164a310f742f801c49b3ff748b2823d5596104bd/components/theme/interface/maps/index.ts"
"colorErrorAffix","alias","true","string","错误状态下前后缀颜色","Error affix color","控制表单控件前后缀在错误状态下的颜色。","Control the color of form control prefix/suffix in error state.","#ff4d4f","#dc4446","#ff4d4f","#dc4446","https://github.com/ant-design/ant-design/blob/164a310f742f801c49b3ff748b2823d5596104bd/components/theme/interface/alias.ts"
"colorErrorBg","map","true","string","错误色的浅色背景颜色","Error background color","错误色的浅色背景颜色","The background color of the error state.","#fff2f0","#2c1618","#fff2f0","#2c1618","https://github.com/ant-design/ant-design/blob/164a310f742f801c49b3ff748b2823d5596104bd/components/theme/interface/maps/index.ts"
"colorErrorBgActive","map","true","string","错误色的浅色背景色激活态","Error background color active state","错误色的浅色背景色激活态","The active state background color of the error state.","#ffccc7","#5b2526","#ffccc7","#5b2526","https://github.com/ant-design/ant-design/blob/164a310f742f801c49b3ff748b2823d5596104bd/components/theme/interface/maps/index.ts"
"colorErrorBgFilledHover","map","true","string","错误色的浅色填充背景色悬浮态","Wrong color fill background color suspension state","错误色的浅色填充背景色悬浮态，目前只用在危险填充按钮的 hover 效果。","The wrong color fills the background color of the suspension state, which is currently only used in the hover effect of the dangerous filled button.","#ffdfdc","#441e1f","#ffdfdc","#441e1f","https://github.com/ant-design/ant-design/blob/164a310f742f801c49b3ff748b2823d5596104bd/components/theme/interface/maps/index.ts"
"colorErrorBgHover","map","true","string","错误色的浅色背景色悬浮态","Error background color hover state","错误色的浅色背景色悬浮态","The hover state background color of the error state.","#fff1f0","#451d1f","#fff1f0","#451d1f","https://github.com/ant-design/ant-design/blob/164a310f742f801c49b3ff748b2823d5596104bd/components/theme/interface/maps/index.ts"
"colorErrorBorder","map","true","string","错误色的描边色","Error border color","错误色的描边色","The border color of the error state.","#ffccc7","#5b2526","#ffccc7","#5b2526","https://github.com/ant-design/ant-design/blob/164a310f742f801c49b3ff748b2823d5596104bd/components/theme/interface/maps/index.ts"
"colorErrorBorderHover","map","true","string","错误色的描边色悬浮态","Error border color hover state","错误色的描边色悬浮态","The hover state border color of the error state.","#ffa39e","#7e2e2f","#ffa39e","#7e2e2f","https://github.com/ant-design/ant-design/blob/164a310f742f801c49b3ff748b2823d5596104bd/components/theme/interface/maps/index.ts"
"colorErrorHover","map","true","string","错误色的深色悬浮态","Error hover color","错误色的深色悬浮态","The hover state of the error color.","#ff7875","#e86e6b","#ff7875","#e86e6b","https://github.com/ant-design/ant-design/blob/164a310f742f801c49b3ff748b2823d5596104bd/components/theme/interface/maps/index.ts"
"colorErrorOutline","alias","true","string","错误状态下的 Outline 颜色","Error outline color","控制输入组件错误状态下的外轮廓线颜色。","Control the outline color of input component in error state.","rgba(255,38,5,0.06)","rgba(238,38,56,0.11)","rgba(255,38,5,0.06)","rgba(238,38,56,0.11)","https://github.com/ant-design/ant-design/blob/164a310f742f801c49b3ff748b2823d5596104bd/components/theme/interface/alias.ts"
"colorErrorText","map","true","string","错误色的文本默认态","Error text default state","错误色的文本默认态","The default state of the text in the error color.","#ff4d4f","#dc4446","#ff4d4f","#dc4446","https://github.com/ant-design/ant-design/blob/164a310f742f801c49b3ff748b2823d5596104bd/components/theme/interface/maps/index.ts"
"colorErrorTextActive","map","true","string","错误色的文本激活态","Error text active state","错误色的文本激活态","The active state of the text in the error color.","#d9363e","#ad393a","#d9363e","#ad393a","https://github.com/ant-design/ant-design/blob/164a310f742f801c49b3ff748b2823d5596104bd/components/theme/interface/maps/index.ts"
"colorErrorTextHover","map","true","string","错误色的文本悬浮态","Error text hover state","错误色的文本悬浮态","The hover state of the text in the error color.","#ff7875","#e86e6b","#ff7875","#e86e6b","https://github.com/ant-design/ant-design/blob/164a310f742f801c49b3ff748b2823d5596104bd/components/theme/interface/maps/index.ts"
"colorFill","map","true","string","一级填充色","","最深的填充色，用于拉开与二、三级填充色的区分度，目前只用在 Slider 的 hover 效果。","The darkest fill color is used to distinguish between the second and third level of fill color, and is currently only used in the hover effect of Slider.","rgba(0,0,0,0.15)","rgba(255,255,255,0.18)","rgba(0,0,0,0.15)","rgba(255,255,255,0.18)","https://github.com/ant-design/ant-design/blob/164a310f742f801c49b3ff748b2823d5596104bd/components/theme/interface/maps/index.ts"
"colorFillAlter","alias","true","string","替代背景色","Alternative background color","控制元素替代背景色。","Control the alternative background color of element.","rgba(0,0,0,0.02)","rgba(255,255,255,0.04)","rgba(0,0,0,0.02)","rgba(255,255,255,0.04)","https://github.com/ant-design/ant-design/blob/164a310f742f801c49b3ff748b2823d5596104bd/components/theme/interface/alias.ts"
"colorFillContent","alias","true","string","内容区域背景色","Background color of content area","控制内容区域的背景色。","Control the background color of content area.","rgba(0,0,0,0.06)","rgba(255,255,255,0.12)","rgba(0,0,0,0.06)","rgba(255,255,255,0.12)","https://github.com/ant-design/ant-design/blob/164a310f742f801c49b3ff748b2823d5596104bd/components/theme/interface/alias.ts"
"colorFillContentHover","alias","true","string","内容区域背景色（悬停）","Background color of content area (hover)","控制内容区域背景色在鼠标悬停时的样式。","Control the style of background color of content area when mouse hovers over it.","rgba(0,0,0,0.15)","rgba(255,255,255,0.18)","rgba(0,0,0,0.15)","rgba(255,255,255,0.18)","https://github.com/ant-design/ant-design/blob/164a310f742f801c49b3ff748b2823d5596104bd/components/theme/interface/alias.ts"
"colorFillQuaternary","map","true","string","四级填充色","","最弱一级的填充色，适用于不易引起注意的色块，例如斑马纹、区分边界的色块等。","The weakest level of fill color is suitable for color blocks that are not easy to attract attention, such as zebra stripes, color blocks that distinguish boundaries, etc.","rgba(0,0,0,0.02)","rgba(255,255,255,0.04)","rgba(0,0,0,0.02)","rgba(255,255,255,0.04)","https://github.com/ant-design/ant-design/blob/164a310f742f801c49b3ff748b2823d5596104bd/components/theme/interface/maps/index.ts"
"colorFillSecondary","map","true","string","二级填充色","","二级填充色可以较为明显地勾勒出元素形体，如 Rate、Skeleton 等。也可以作为三级填充色的 Hover 状态，如 Table 等。","The second level of fill color can outline the shape of the element more clearly, such as Rate, Skeleton, etc. It can also be used as the Hover state of the third level of fill color, such as Table, etc.","rgba(0,0,0,0.06)","rgba(255,255,255,0.12)","rgba(0,0,0,0.06)","rgba(255,255,255,0.12)","https://github.com/ant-design/ant-design/blob/164a310f742f801c49b3ff748b2823d5596104bd/components/theme/interface/maps/index.ts"
"colorFillTertiary","map","true","string","三级填充色","","三级填充色用于勾勒出元素形体的场景，如 Slider、Segmented 等。如无强调需求的情况下，建议使用三级填色作为默认填色。","The third level of fill color is used to outline the shape of the element, such as Slider, Segmented, etc. If there is no emphasis requirement, it is recommended to use the third level of fill color as the default fill color.","rgba(0,0,0,0.04)","rgba(255,255,255,0.08)","rgba(0,0,0,0.04)","rgba(255,255,255,0.08)","https://github.com/ant-design/ant-design/blob/164a310f742f801c49b3ff748b2823d5596104bd/components/theme/interface/maps/index.ts"
"colorHighlight","alias","true","string","高亮颜色","Highlight color","控制页面元素高亮时的颜色。","Control the color of page element when highlighted.","#ff4d4f","#dc4446","#ff4d4f","#dc4446","https://github.com/ant-design/ant-design/blob/164a310f742f801c49b3ff748b2823d5596104bd/components/theme/interface/alias.ts"
"colorIcon","alias","true","string","弱操作图标颜色
 *","Weak action icon color
 *","控制弱操作图标的颜色，例如 allowClear 或 Alert 关闭按钮。
 *","Weak action. Such as `allowClear` or Alert close button","rgba(0,0,0,0.45)","rgba(255,255,255,0.45)","rgba(0,0,0,0.45)","rgba(255,255,255,0.45)","https://github.com/ant-design/ant-design/blob/164a310f742f801c49b3ff748b2823d5596104bd/components/theme/interface/alias.ts"
"colorIconHover","alias","true","string","弱操作图标悬浮态颜色","Weak action icon hover color","控制弱操作图标在悬浮状态下的颜色，例如 allowClear 或 Alert 关闭按钮。","Weak action hover color. Such as `allowClear` or Alert close button","rgba(0,0,0,0.88)","rgba(255,255,255,0.85)","rgba(0,0,0,0.88)","rgba(255,255,255,0.85)","https://github.com/ant-design/ant-design/blob/164a310f742f801c49b3ff748b2823d5596104bd/components/theme/interface/alias.ts"
"colorInfo","seed","true","string","信息色","Info Color","用于表示操作信息的 Token 序列，如 Alert 、Tag、 Progress 等组件都有用到该组梯度变量。","Used to represent the operation information of the Token sequence, such as Alert, Tag, Progress, and other components use these map tokens.","#1677ff","#1668dc","#1677ff","#1668dc","https://github.com/ant-design/ant-design/blob/164a310f742f801c49b3ff748b2823d5596104bd/components/theme/interface/seeds.ts"
"colorInfoActive","map","true","string","信息色的深色激活态","Active state of dark color of information color","信息色的深色激活态。","Active state of dark color of information color.","#0958d9","#1554ad","#0958d9","#1554ad","https://github.com/ant-design/ant-design/blob/164a310f742f801c49b3ff748b2823d5596104bd/components/theme/interface/maps/index.ts"
"colorInfoBg","map","true","string","信息色的浅色背景颜色","Light background color of information color","信息色的浅色背景颜色。","Light background color of information color.","#e6f4ff","#111a2c","#e6f4ff","#111a2c","https://github.com/ant-design/ant-design/blob/164a310f742f801c49b3ff748b2823d5596104bd/components/theme/interface/maps/index.ts"
"colorInfoBgHover","map","true","string","信息色的浅色背景色悬浮态","Hover state of light background color of information color","信息色的浅色背景色悬浮态。","Hover state of light background color of information color.","#bae0ff","#112545","#bae0ff","#112545","https://github.com/ant-design/ant-design/blob/164a310f742f801c49b3ff748b2823d5596104bd/components/theme/interface/maps/index.ts"
"colorInfoBorder","map","true","string","信息色的描边色","Border color of information color","信息色的描边色。","Border color of information color.","#91caff","#15325b","#91caff","#15325b","https://github.com/ant-design/ant-design/blob/164a310f742f801c49b3ff748b2823d5596104bd/components/theme/interface/maps/index.ts"
"colorInfoBorderHover","map","true","string","信息色的描边色悬浮态","Hover state of border color of information color","信息色的描边色悬浮态。","Hover state of border color of information color.","#69b1ff","#15417e","#69b1ff","#15417e","https://github.com/ant-design/ant-design/blob/164a310f742f801c49b3ff748b2823d5596104bd/components/theme/interface/maps/index.ts"
"colorInfoHover","map","true","string","信息色的深色悬浮态","Hover state of dark color of information color","信息色的深色悬浮态。","Hover state of dark color of information color.","#69b1ff","#15417e","#69b1ff","#15417e","https://github.com/ant-design/ant-design/blob/164a310f742f801c49b3ff748b2823d5596104bd/components/theme/interface/maps/index.ts"
"colorInfoText","map","true","string","信息色的文本默认态","Default state of text color of information color","信息色的文本默认态。","Default state of text color of information color.","#1677ff","#1668dc","#1677ff","#1668dc","https://github.com/ant-design/ant-design/blob/164a310f742f801c49b3ff748b2823d5596104bd/components/theme/interface/maps/index.ts"
"colorInfoTextActive","map","true","string","信息色的文本激活态","Active state of text color of information color","信息色的文本激活态。","Active state of text color of information color.","#0958d9","#1554ad","#0958d9","#1554ad","https://github.com/ant-design/ant-design/blob/164a310f742f801c49b3ff748b2823d5596104bd/components/theme/interface/maps/index.ts"
"colorInfoTextHover","map","true","string","信息色的文本悬浮态","Hover state of text color of information color","信息色的文本悬浮态。","Hover state of text color of information color.","#4096ff","#3c89e8","#4096ff","#3c89e8","https://github.com/ant-design/ant-design/blob/164a310f742f801c49b3ff748b2823d5596104bd/components/theme/interface/maps/index.ts"
"colorLink","seed","true","string","超链接颜色","Hyperlink color","控制超链接的颜色。","Control the color of hyperlink.","#1677ff","#1668dc","#1677ff","#1668dc","https://github.com/ant-design/ant-design/blob/164a310f742f801c49b3ff748b2823d5596104bd/components/theme/interface/seeds.ts"
"colorLinkActive","map","true","string","超链接激活颜色","Hyperlink active color","控制超链接被点击时的颜色。","Control the color of hyperlink when clicked.","#0958d9","#1554ad","#0958d9","#1554ad","https://github.com/ant-design/ant-design/blob/164a310f742f801c49b3ff748b2823d5596104bd/components/theme/interface/maps/index.ts"
"colorLinkHover","map","true","string","超链接悬浮颜色","Hyperlink hover color","控制超链接悬浮时的颜色。","Control the color of hyperlink when hovering.","#69b1ff","#15417e","#69b1ff","#15417e","https://github.com/ant-design/ant-design/blob/164a310f742f801c49b3ff748b2823d5596104bd/components/theme/interface/maps/index.ts"
"colorPrimary","seed","true","string","品牌主色","Brand Color","品牌色是体现产品特性和传播理念最直观的视觉元素之一。在你完成品牌主色的选取之后，我们会自动帮你生成一套完整的色板，并赋予它们有效的设计语义","Brand color is one of the most direct visual elements to reflect the characteristics and communication of the product. After you have selected the brand color, we will automatically generate a complete color palette and assign it effective design semantics.","#1677ff","#1668dc","#1677ff","#1668dc","https://github.com/ant-design/ant-design/blob/164a310f742f801c49b3ff748b2823d5596104bd/components/theme/interface/seeds.ts"
"colorPrimaryActive","map","true","string","主色激活态","Active state of primary color","主色梯度下的深色激活态。","Dark active state under the main color gradient.","#0958d9","#1554ad","#0958d9","#1554ad","https://github.com/ant-design/ant-design/blob/164a310f742f801c49b3ff748b2823d5596104bd/components/theme/interface/maps/index.ts"
"colorPrimaryBg","map","true","string","主色浅色背景色","Light background color of primary color","主色浅色背景颜色，一般用于视觉层级较弱的选中状态。","Light background color of primary color, usually used for weak visual level selection state.","#e6f4ff","#15325b","#e6f4ff","#15325b","https://github.com/ant-design/ant-design/blob/164a310f742f801c49b3ff748b2823d5596104bd/components/theme/interface/maps/index.ts"
"colorPrimaryBgHover","map","true","string","主色浅色背景悬浮态","Hover state of light background color of primary color","与主色浅色背景颜色相对应的悬浮态颜色。","The hover state color corresponding to the light background color of the primary color.","#bae0ff","#15417e","#bae0ff","#15417e","https://github.com/ant-design/ant-design/blob/164a310f742f801c49b3ff748b2823d5596104bd/components/theme/interface/maps/index.ts"
"colorPrimaryBorder","map","true","string","主色描边色","Border color of primary color","主色梯度下的描边用色，用在 Slider 等组件的描边上。","The stroke color under the main color gradient, used on the stroke of components such as Slider.","#91caff","#15325b","#91caff","#15325b","https://github.com/ant-design/ant-design/blob/164a310f742f801c49b3ff748b2823d5596104bd/components/theme/interface/maps/index.ts"
"colorPrimaryBorderHover","map","true","string","主色描边色悬浮态","Hover state of border color of primary color","主色梯度下的描边用色的悬浮态，Slider 、Button 等组件的描边 Hover 时会使用。","The hover state of the stroke color under the main color gradient, which will be used when the stroke Hover of components such as Slider and Button.","#69b1ff","#15417e","#69b1ff","#15417e","https://github.com/ant-design/ant-design/blob/164a310f742f801c49b3ff748b2823d5596104bd/components/theme/interface/maps/index.ts"
"colorPrimaryHover","map","true","string","主色悬浮态","Hover state of primary color","主色梯度下的悬浮态。","Hover state under the main color gradient.","#4096ff","#3c89e8","#4096ff","#3c89e8","https://github.com/ant-design/ant-design/blob/164a310f742f801c49b3ff748b2823d5596104bd/components/theme/interface/maps/index.ts"
"colorPrimaryText","map","true","string","主色文本","Text color of primary color","主色梯度下的文本颜色。","Text color under the main color gradient.","#1677ff","#1668dc","#1677ff","#1668dc","https://github.com/ant-design/ant-design/blob/164a310f742f801c49b3ff748b2823d5596104bd/components/theme/interface/maps/index.ts"
"colorPrimaryTextActive","map","true","string","主色文本激活态","Active state of text color of primary color","主色梯度下的文本激活态。","Active state of text color under the main color gradient.","#0958d9","#1554ad","#0958d9","#1554ad","https://github.com/ant-design/ant-design/blob/164a310f742f801c49b3ff748b2823d5596104bd/components/theme/interface/maps/index.ts"
"colorPrimaryTextHover","map","true","string","主色文本悬浮态","Hover state of text color of primary color","主色梯度下的文本悬浮态。","Hover state of text color under the main color gradient.","#4096ff","#3c89e8","#4096ff","#3c89e8","https://github.com/ant-design/ant-design/blob/164a310f742f801c49b3ff748b2823d5596104bd/components/theme/interface/maps/index.ts"
"colorShadow","runtime-computed","false","string","","","","","#000","rgba(255, 255, 255, 0.2)","#000","rgba(255, 255, 255, 0.2)","https://github.com/ant-design/ant-design/blob/164a310f742f801c49b3ff748b2823d5596104bd/components/theme/useToken.ts"
"colorSplit","alias","true","string","分割线颜色","Separator Color","用于作为分割线的颜色，此颜色和 colorBorderSecondary 的颜色一致，但是用的是透明色。","Used as the color of separator, this color is the same as colorBorderSecondary but with transparency.","rgba(5,5,5,0.06)","rgba(253,253,253,0.12)","rgba(5,5,5,0.06)","rgba(253,253,253,0.12)","https://github.com/ant-design/ant-design/blob/164a310f742f801c49b3ff748b2823d5596104bd/components/theme/interface/alias.ts"
"colorSuccess","seed","true","string","成功色","Success Color","用于表示操作成功的 Token 序列，如 Result、Progress 等组件会使用该组梯度变量。","Used to represent the token sequence of operation success, such as Result, Progress and other components will use these map tokens.","#52c41a","#49aa19","#52c41a","#49aa19","https://github.com/ant-design/ant-design/blob/164a310f742f801c49b3ff748b2823d5596104bd/components/theme/interface/seeds.ts"
"colorSuccessActive","map","true","string","成功色的深色激活态","Active State Color of Dark Success","成功色的深色激活态","Active state color of dark success color","#389e0d","#3c8618","#389e0d","#3c8618","https://github.com/ant-design/ant-design/blob/164a310f742f801c49b3ff748b2823d5596104bd/components/theme/interface/maps/index.ts"
"colorSuccessBg","map","true","string","成功色的浅色背景颜色","Light Background Color of Success Color","成功色的浅色背景颜色，用于 Tag 和 Alert 的成功态背景色","Light background color of success color, used for Tag and Alert success state background color","#f6ffed","#162312","#f6ffed","#162312","https://github.com/ant-design/ant-design/blob/164a310f742f801c49b3ff748b2823d5596104bd/components/theme/interface/maps/index.ts"
"colorSuccessBgHover","map","true","string","成功色的浅色背景色悬浮态","Hover State Color of Light Success Background","成功色浅色背景颜色，一般用于视觉层级较弱的选中状态，不过 antd 目前没有使用到该 token","Light background color of success color, but antd does not use this token currently","#d9f7be","#1d3712","#d9f7be","#1d3712","https://github.com/ant-design/ant-design/blob/164a310f742f801c49b3ff748b2823d5596104bd/components/theme/interface/maps/index.ts"
"colorSuccessBorder","map","true","string","成功色的描边色","Border Color of Success Color","成功色的描边色，用于 Tag 和 Alert 的成功态描边色","Border color of success color, used for Tag and Alert success state border color","#b7eb8f","#274916","#b7eb8f","#274916","https://github.com/ant-design/ant-design/blob/164a310f742f801c49b3ff748b2823d5596104bd/components/theme/interface/maps/index.ts"
"colorSuccessBorderHover","map","true","string","成功色的描边色悬浮态","Hover State Color of Success Border","成功色的描边色悬浮态","Hover state color of success color border","#95de64","#306317","#95de64","#306317","https://github.com/ant-design/ant-design/blob/164a310f742f801c49b3ff748b2823d5596104bd/components/theme/interface/maps/index.ts"
"colorSuccessHover","map","true","string","成功色的深色悬浮态","Hover State Color of Dark Success","成功色的深色悬浮态","Hover state color of dark success color","#95de64","#306317","#95de64","#306317","https://github.com/ant-design/ant-design/blob/164a310f742f801c49b3ff748b2823d5596104bd/components/theme/interface/maps/index.ts"
"colorSuccessText","map","true","string","成功色的文本默认态","Default State Color of Success Text","成功色的文本默认态","Default state color of success color text","#52c41a","#49aa19","#52c41a","#49aa19","https://github.com/ant-design/ant-design/blob/164a310f742f801c49b3ff748b2823d5596104bd/components/theme/interface/maps/index.ts"
"colorSuccessTextActive","map","true","string","成功色的文本激活态","Active State Color of Success Text","成功色的文本激活态","Active state color of success color text","#389e0d","#3c8618","#389e0d","#3c8618","https://github.com/ant-design/ant-design/blob/164a310f742f801c49b3ff748b2823d5596104bd/components/theme/interface/maps/index.ts"
"colorSuccessTextHover","map","true","string","成功色的文本悬浮态","Hover State Color of Success Text","成功色的文本悬浮态","Hover state color of success color text","#73d13d","#6abe39","#73d13d","#6abe39","https://github.com/ant-design/ant-design/blob/164a310f742f801c49b3ff748b2823d5596104bd/components/theme/interface/maps/index.ts"
"colorText","map","true","string","一级文本色","Text Color","最深的文本色。为了符合W3C标准，默认的文本颜色使用了该色，同时这个颜色也是最深的中性色。","Default text color which comply with W3C standards, and this color is also the darkest neutral color.","rgba(0,0,0,0.88)","rgba(255,255,255,0.85)","rgba(0,0,0,0.88)","rgba(255,255,255,0.85)","https://github.com/ant-design/ant-design/blob/164a310f742f801c49b3ff748b2823d5596104bd/components/theme/interface/maps/index.ts"
"colorTextBase","seed","true","string","基础文本色","Seed Text Color","用于派生文本色梯度的基础变量，v5 中我们添加了一层文本色的派生算法可以产出梯度明确的文本色的梯度变量。但请不要在代码中直接使用该 Seed Token ！","Used to derive the base variable of the text color gradient. In v5, we added a layer of text color derivation algorithm to produce gradient variables of text color gradient. But please do not use this Seed Token directly in the code!","#000","#fff","#000","#fff","https://github.com/ant-design/ant-design/blob/164a310f742f801c49b3ff748b2823d5596104bd/components/theme/interface/seeds.ts"
"colorTextDescription","alias","true","string","文本描述字体颜色","Text description font color","控制文本描述字体颜色。","Control the font color of text description.","rgba(0,0,0,0.45)","rgba(255,255,255,0.45)","rgba(0,0,0,0.45)","rgba(255,255,255,0.45)","https://github.com/ant-design/ant-design/blob/164a310f742f801c49b3ff748b2823d5596104bd/components/theme/interface/alias.ts"
"colorTextDisabled","alias","true","string","禁用字体颜色","Disabled Text Color","控制禁用状态下的字体颜色。","Control the color of text in disabled state.","rgba(0,0,0,0.25)","rgba(255,255,255,0.25)","rgba(0,0,0,0.25)","rgba(255,255,255,0.25)","https://github.com/ant-design/ant-design/blob/164a310f742f801c49b3ff748b2823d5596104bd/components/theme/interface/alias.ts"
"colorTextHeading","alias","true","string","标题字体颜色","Heading Text Color","控制标题字体颜色。","Control the font color of heading.","rgba(0,0,0,0.88)","rgba(255,255,255,0.85)","rgba(0,0,0,0.88)","rgba(255,255,255,0.85)","https://github.com/ant-design/ant-design/blob/164a310f742f801c49b3ff748b2823d5596104bd/components/theme/interface/alias.ts"
"colorTextLabel","alias","true","string","文本标签字体颜色","Text label font color","控制文本标签字体颜色。","Control the font color of text label.","rgba(0,0,0,0.65)","rgba(255,255,255,0.65)","rgba(0,0,0,0.65)","rgba(255,255,255,0.65)","https://github.com/ant-design/ant-design/blob/164a310f742f801c49b3ff748b2823d5596104bd/components/theme/interface/alias.ts"
"colorTextLightSolid","alias","true","string","固定文本高亮颜色","Fixed text highlight color","控制带背景色的文本，例如 Primary Button 组件中的文本高亮颜色。","Control the highlight color of text with background color, such as the text in Primary Button components.","#fff","#fff","#fff","#fff","https://github.com/ant-design/ant-design/blob/164a310f742f801c49b3ff748b2823d5596104bd/components/theme/interface/alias.ts"
"colorTextPlaceholder","alias","true","string","占位文本颜色","Placeholder Text Color","控制占位文本的颜色。","Control the color of placeholder text.","rgba(0,0,0,0.25)","rgba(255,255,255,0.25)","rgba(0,0,0,0.25)","rgba(255,255,255,0.25)","https://github.com/ant-design/ant-design/blob/164a310f742f801c49b3ff748b2823d5596104bd/components/theme/interface/alias.ts"
"colorTextQuaternary","map","true","string","四级文本色","","第四级文本色是最浅的文本色，例如表单的输入提示文本、禁用色文本等。","The fourth level of text color is the lightest text color, such as form input prompt text, disabled color text, etc.","rgba(0,0,0,0.25)","rgba(255,255,255,0.25)","rgba(0,0,0,0.25)","rgba(255,255,255,0.25)","https://github.com/ant-design/ant-design/blob/164a310f742f801c49b3ff748b2823d5596104bd/components/theme/interface/maps/index.ts"
"colorTextSecondary","map","true","string","二级文本色","Secondary Text Color","作为第二梯度的文本色，一般用在不那么需要强化文本颜色的场景，例如 Label 文本、Menu 的文本选中态等场景。","The second level of text color is generally used in scenarios where text color is not emphasized, such as label text, menu text selection state, etc.","rgba(0,0,0,0.65)","rgba(255,255,255,0.65)","rgba(0,0,0,0.65)","rgba(255,255,255,0.65)","https://github.com/ant-design/ant-design/blob/164a310f742f801c49b3ff748b2823d5596104bd/components/theme/interface/maps/index.ts"
"colorTextTertiary","map","true","string","三级文本色","","第三级文本色一般用于描述性文本，例如表单的中的补充说明文本、列表的描述性文本等场景。","The third level of text color is generally used for descriptive text, such as form supplementary explanation text, list descriptive text, etc.","rgba(0,0,0,0.45)","rgba(255,255,255,0.45)","rgba(0,0,0,0.45)","rgba(255,255,255,0.45)","https://github.com/ant-design/ant-design/blob/164a310f742f801c49b3ff748b2823d5596104bd/components/theme/interface/maps/index.ts"
"colorWarning","seed","true","string","警戒色","Warning Color","用于表示操作警告的 Token 序列，如 Notification、 Alert等警告类组件或 Input 输入类等组件会使用该组梯度变量。","Used to represent the warning map token, such as Notification, Alert, etc. Alert or Control component(like Input) will use these map tokens.","#faad14","#d89614","#faad14","#d89614","https://github.com/ant-design/ant-design/blob/164a310f742f801c49b3ff748b2823d5596104bd/components/theme/interface/seeds.ts"
"colorWarningActive","map","true","string","警戒色的深色激活态","Warning active color","警戒色的深色激活态","The active state of the warning color.","#d48806","#aa7714","#d48806","#aa7714","https://github.com/ant-design/ant-design/blob/164a310f742f801c49b3ff748b2823d5596104bd/components/theme/interface/maps/index.ts"
"colorWarningAffix","alias","true","string","警告状态下前后缀颜色","Warning affix color","控制表单控件前后缀在警告状态下的颜色。","Control the color of form control prefix/suffix in warning state.","#faad14","#d89614","#faad14","#d89614","https://github.com/ant-design/ant-design/blob/164a310f742f801c49b3ff748b2823d5596104bd/components/theme/interface/alias.ts"
"colorWarningBg","map","true","string","警戒色的浅色背景颜色","Warning background color","警戒色的浅色背景颜色","The background color of the warning state.","#fffbe6","#2b2111","#fffbe6","#2b2111","https://github.com/ant-design/ant-design/blob/164a310f742f801c49b3ff748b2823d5596104bd/components/theme/interface/maps/index.ts"
"colorWarningBgHover","map","true","string","警戒色的浅色背景色悬浮态","Warning background color hover state","警戒色的浅色背景色悬浮态","The hover state background color of the warning state.","#fff1b8","#443111","#fff1b8","#443111","https://github.com/ant-design/ant-design/blob/164a310f742f801c49b3ff748b2823d5596104bd/components/theme/interface/maps/index.ts"
"colorWarningBorder","map","true","string","警戒色的描边色","Warning border color","警戒色的描边色","The border color of the warning state.","#ffe58f","#594214","#ffe58f","#594214","https://github.com/ant-design/ant-design/blob/164a310f742f801c49b3ff748b2823d5596104bd/components/theme/interface/maps/index.ts"
"colorWarningBorderHover","map","true","string","警戒色的描边色悬浮态","Warning border color hover state","警戒色的描边色悬浮态","The hover state border color of the warning state.","#ffd666","#7c5914","#ffd666","#7c5914","https://github.com/ant-design/ant-design/blob/164a310f742f801c49b3ff748b2823d5596104bd/components/theme/interface/maps/index.ts"
"colorWarningHover","map","true","string","警戒色的深色悬浮态","Warning hover color","警戒色的深色悬浮态","The hover state of the warning color.","#ffd666","#7c5914","#ffd666","#7c5914","https://github.com/ant-design/ant-design/blob/164a310f742f801c49b3ff748b2823d5596104bd/components/theme/interface/maps/index.ts"
"colorWarningOutline","alias","true","string","警告状态下的 Outline 颜色","Warning outline color","控制输入组件警告状态下的外轮廓线颜色。","Control the outline color of input component in warning state.","rgba(255,215,5,0.1)","rgba(173,107,0,0.15)","rgba(255,215,5,0.1)","rgba(173,107,0,0.15)","https://github.com/ant-design/ant-design/blob/164a310f742f801c49b3ff748b2823d5596104bd/components/theme/interface/alias.ts"
"colorWarningText","map","true","string","警戒色的文本默认态","Warning text default state","警戒色的文本默认态","The default state of the text in the warning color.","#faad14","#d89614","#faad14","#d89614","https://github.com/ant-design/ant-design/blob/164a310f742f801c49b3ff748b2823d5596104bd/components/theme/interface/maps/index.ts"
"colorWarningTextActive","map","true","string","警戒色的文本激活态","Warning text active state","警戒色的文本激活态","The active state of the text in the warning color.","#d48806","#aa7714","#d48806","#aa7714","https://github.com/ant-design/ant-design/blob/164a310f742f801c49b3ff748b2823d5596104bd/components/theme/interface/maps/index.ts"
"colorWarningTextHover","map","true","string","警戒色的文本悬浮态","Warning text hover state","警戒色的文本悬浮态","The hover state of the text in the warning color.","#ffc53d","#e8b339","#ffc53d","#e8b339","https://github.com/ant-design/ant-design/blob/164a310f742f801c49b3ff748b2823d5596104bd/components/theme/interface/maps/index.ts"
"colorWhite","map","true","string","纯白色","","不随主题变化的纯白色","Pure white color don't changed by theme","#fff","#fff","#fff","#fff","https://github.com/ant-design/ant-design/blob/164a310f742f801c49b3ff748b2823d5596104bd/components/theme/interface/maps/index.ts"
"controlHeight","seed","true","number","基础高度","Base Control Height","Ant Design 中按钮和输入框等基础控件的高度","The height of the basic controls such as buttons and input boxes in Ant Design","32","32","28","28","https://github.com/ant-design/ant-design/blob/164a310f742f801c49b3ff748b2823d5596104bd/components/theme/interface/seeds.ts"
"controlHeightLG","map","true","number","较高的组件高度","LG component height","较高的组件高度","LG component height","40","40","35","35","https://github.com/ant-design/ant-design/blob/164a310f742f801c49b3ff748b2823d5596104bd/components/theme/interface/maps/index.ts"
"controlHeightSM","map","true","number","较小的组件高度","SM component height","较小的组件高度","SM component height","24","24","21","21","https://github.com/ant-design/ant-design/blob/164a310f742f801c49b3ff748b2823d5596104bd/components/theme/interface/maps/index.ts"
"controlHeightXS","map","true","number","更小的组件高度","XS component height","更小的组件高度","XS component height","16","16","14","14","https://github.com/ant-design/ant-design/blob/164a310f742f801c49b3ff748b2823d5596104bd/components/theme/interface/maps/index.ts"
"controlInteractiveSize","alias","true","number","控制组件的交互大小","Interactive size of control component","控制组件的交互大小。","Control the interactive size of control component.","16","16","14","14","https://github.com/ant-design/ant-design/blob/164a310f742f801c49b3ff748b2823d5596104bd/components/theme/interface/alias.ts"
"controlItemBgActive","alias","true","string","控制组件项在激活状态下的背景颜色","Background color of control component item when active","控制组件项在激活状态下的背景颜色。","Control the background color of control component item when active.","#e6f4ff","#15325b","#e6f4ff","#15325b","https://github.com/ant-design/ant-design/blob/164a310f742f801c49b3ff748b2823d5596104bd/components/theme/interface/alias.ts"
"controlItemBgActiveDisabled","alias","true","string","控制组件项在禁用状态下的激活背景颜色","Background color of control component item when active and disabled","控制组件项在禁用状态下的激活背景颜色。","Control the background color of control component item when active and disabled.","rgba(0,0,0,0.15)","rgba(255,255,255,0.18)","rgba(0,0,0,0.15)","rgba(255,255,255,0.18)","https://github.com/ant-design/ant-design/blob/164a310f742f801c49b3ff748b2823d5596104bd/components/theme/interface/alias.ts"
"controlItemBgActiveHover","alias","true","string","控制组件项在鼠标悬浮且激活状态下的背景颜色","Background color of control component item when hovering and active","控制组件项在鼠标悬浮且激活状态下的背景颜色。","Control the background color of control component item when hovering and active.","#bae0ff","#15417e","#bae0ff","#15417e","https://github.com/ant-design/ant-design/blob/164a310f742f801c49b3ff748b2823d5596104bd/components/theme/interface/alias.ts"
"controlItemBgHover","alias","true","string","控制组件项在鼠标悬浮时的背景颜色","Background color of control component item when hovering","控制组件项在鼠标悬浮时的背景颜色。","Control the background color of control component item when hovering.","rgba(0,0,0,0.04)","rgba(255,255,255,0.08)","rgba(0,0,0,0.04)","rgba(255,255,255,0.08)","https://github.com/ant-design/ant-design/blob/164a310f742f801c49b3ff748b2823d5596104bd/components/theme/interface/alias.ts"
"controlOutline","alias","true","string","输入组件的 Outline 颜色","Input component outline color","控制输入组件的外轮廓线颜色。","Control the outline color of input component.","rgba(5,145,255,0.1)","rgba(23,117,249,0.31)","rgba(5,145,255,0.1)","rgba(23,117,249,0.31)","https://github.com/ant-design/ant-design/blob/164a310f742f801c49b3ff748b2823d5596104bd/components/theme/interface/alias.ts"
"controlOutlineWidth","alias","true","number","输入组件的外轮廓线宽度","Input component outline width","控制输入组件的外轮廓线宽度。","Control the outline width of input component.","2","2","2","2","https://github.com/ant-design/ant-design/blob/164a310f742f801c49b3ff748b2823d5596104bd/components/theme/interface/alias.ts"
"controlPaddingHorizontal","alias","true","number","控制水平内间距","Control horizontal padding","控制元素水平内间距。","Control the horizontal padding of an element.","12","12","12","12","https://github.com/ant-design/ant-design/blob/164a310f742f801c49b3ff748b2823d5596104bd/components/theme/interface/alias.ts"
"controlPaddingHorizontalSM","alias","true","number","控制中小尺寸水平内间距","Control horizontal padding with a small-medium size","控制元素中小尺寸水平内间距。","Control the horizontal padding of an element with a small-medium size.","8","8","8","8","https://github.com/ant-design/ant-design/blob/164a310f742f801c49b3ff748b2823d5596104bd/components/theme/interface/alias.ts"
"controlTmpOutline","runtime-computed","false","string","","","","","rgba(0,0,0,0.02)","rgba(255,255,255,0.04)","rgba(0,0,0,0.02)","rgba(255,255,255,0.04)","https://github.com/ant-design/ant-design/blob/164a310f742f801c49b3ff748b2823d5596104bd/components/theme/useToken.ts"
"cyan","seed","true","color","预设cyan颜色","Preset cyan color","预设cyan颜色","Preset cyan color","#13C2C2","#13C2C2","#13C2C2","#13C2C2","https://github.com/ant-design/ant-design/blob/164a310f742f801c49b3ff748b2823d5596104bd/components/theme/interface/seeds.ts"
"cyan-1","runtime-computed","false","string","","","","","#e6fffb","#112123","#e6fffb","#112123","https://github.com/ant-design/ant-design/blob/164a310f742f801c49b3ff748b2823d5596104bd/components/theme/useToken.ts"
"cyan-10","runtime-computed","false","string","","","","","#002329","#b2f1e8","#002329","#b2f1e8","https://github.com/ant-design/ant-design/blob/164a310f742f801c49b3ff748b2823d5596104bd/components/theme/useToken.ts"
"cyan-2","runtime-computed","false","string","","","","","#b5f5ec","#113536","#b5f5ec","#113536","https://github.com/ant-design/ant-design/blob/164a310f742f801c49b3ff748b2823d5596104bd/components/theme/useToken.ts"
"cyan-3","runtime-computed","false","string","","","","","#87e8de","#144848","#87e8de","#144848","https://github.com/ant-design/ant-design/blob/164a310f742f801c49b3ff748b2823d5596104bd/components/theme/useToken.ts"
"cyan-4","runtime-computed","false","string","","","","","#5cdbd3","#146262","#5cdbd3","#146262","https://github.com/ant-design/ant-design/blob/164a310f742f801c49b3ff748b2823d5596104bd/components/theme/useToken.ts"
"cyan-5","runtime-computed","false","string","","","","","#36cfc9","#138585","#36cfc9","#138585","https://github.com/ant-design/ant-design/blob/164a310f742f801c49b3ff748b2823d5596104bd/components/theme/useToken.ts"
"cyan-6","runtime-computed","false","string","","","","","#13c2c2","#13a8a8","#13c2c2","#13a8a8","https://github.com/ant-design/ant-design/blob/164a310f742f801c49b3ff748b2823d5596104bd/components/theme/useToken.ts"
"cyan-7","runtime-computed","false","string","","","","","#08979c","#33bcb7","#08979c","#33bcb7","https://github.com/ant-design/ant-design/blob/164a310f742f801c49b3ff748b2823d5596104bd/components/theme/useToken.ts"
"cyan-8","runtime-computed","false","string","","","","","#006d75","#58d1c9","#006d75","#58d1c9","https://github.com/ant-design/ant-design/blob/164a310f742f801c49b3ff748b2823d5596104bd/components/theme/useToken.ts"
"cyan-9","runtime-computed","false","string","","","","","#00474f","#84e2d8","#00474f","#84e2d8","https://github.com/ant-design/ant-design/blob/164a310f742f801c49b3ff748b2823d5596104bd/components/theme/useToken.ts"
"cyan1","runtime-computed","false","string","","","","","#e6fffb","#112123","#e6fffb","#112123","https://github.com/ant-design/ant-design/blob/164a310f742f801c49b3ff748b2823d5596104bd/components/theme/useToken.ts"
"cyan10","runtime-computed","false","string","","","","","#002329","#b2f1e8","#002329","#b2f1e8","https://github.com/ant-design/ant-design/blob/164a310f742f801c49b3ff748b2823d5596104bd/components/theme/useToken.ts"
"cyan2","runtime-computed","false","string","","","","","#b5f5ec","#113536","#b5f5ec","#113536","https://github.com/ant-design/ant-design/blob/164a310f742f801c49b3ff748b2823d5596104bd/components/theme/useToken.ts"
"cyan3","runtime-computed","false","string","","","","","#87e8de","#144848","#87e8de","#144848","https://github.com/ant-design/ant-design/blob/164a310f742f801c49b3ff748b2823d5596104bd/components/theme/useToken.ts"
"cyan4","runtime-computed","false","string","","","","","#5cdbd3","#146262","#5cdbd3","#146262","https://github.com/ant-design/ant-design/blob/164a310f742f801c49b3ff748b2823d5596104bd/components/theme/useToken.ts"
"cyan5","runtime-computed","false","string","","","","","#36cfc9","#138585","#36cfc9","#138585","https://github.com/ant-design/ant-design/blob/164a310f742f801c49b3ff748b2823d5596104bd/components/theme/useToken.ts"
"cyan6","runtime-computed","false","string","","","","","#13c2c2","#13a8a8","#13c2c2","#13a8a8","https://github.com/ant-design/ant-design/blob/164a310f742f801c49b3ff748b2823d5596104bd/components/theme/useToken.ts"
"cyan7","runtime-computed","false","string","","","","","#08979c","#33bcb7","#08979c","#33bcb7","https://github.com/ant-design/ant-design/blob/164a310f742f801c49b3ff748b2823d5596104bd/components/theme/useToken.ts"
"cyan8","runtime-computed","false","string","","","","","#006d75","#58d1c9","#006d75","#58d1c9","https://github.com/ant-design/ant-design/blob/164a310f742f801c49b3ff748b2823d5596104bd/components/theme/useToken.ts"
"cyan9","runtime-computed","false","string","","","","","#00474f","#84e2d8","#00474f","#84e2d8","https://github.com/ant-design/ant-design/blob/164a310f742f801c49b3ff748b2823d5596104bd/components/theme/useToken.ts"
"cyanActive","runtime-computed","false","string","","","","","#08979c","#33bcb7","#08979c","#33bcb7","https://github.com/ant-design/ant-design/blob/164a310f742f801c49b3ff748b2823d5596104bd/components/theme/useToken.ts"
"cyanHover","runtime-computed","false","string","","","","","#36cfc9","#138585","#36cfc9","#138585","https://github.com/ant-design/ant-design/blob/164a310f742f801c49b3ff748b2823d5596104bd/components/theme/useToken.ts"
"dropShadowPopover","runtime-computed","false","string","","","","","drop-shadow(0 6px 16px rgba(0,0,0,0.08)) drop-shadow(0 3px 6px rgba(0,0,0,0.12)) drop-shadow(0 9px 28px rgba(0,0,0,0.05))","drop-shadow(0 6px 16px rgba(255,255,255,0.016)) drop-shadow(0 3px 6px rgba(255,255,255,0.024)) drop-shadow(0 9px 28px rgba(255,255,255,0.010000000000000002))","drop-shadow(0 6px 16px rgba(0,0,0,0.08)) drop-shadow(0 3px 6px rgba(0,0,0,0.12)) drop-shadow(0 9px 28px rgba(0,0,0,0.05))","drop-shadow(0 6px 16px rgba(255,255,255,0.016)) drop-shadow(0 3px 6px rgba(255,255,255,0.024)) drop-shadow(0 9px 28px rgba(255,255,255,0.010000000000000002))","https://github.com/ant-design/ant-design/blob/164a310f742f801c49b3ff748b2823d5596104bd/components/theme/useToken.ts"
"focusOutline","seed","true","boolean","聚焦描边","Focus Outline","用于配置组件聚焦时是否显示可见描边","Used to configure whether components show a visible outline when focused","true","true","true","true","https://github.com/ant-design/ant-design/blob/164a310f742f801c49b3ff748b2823d5596104bd/components/theme/interface/seeds.ts"
"fontFamily","seed","true","string","字体","Font family for default text","Ant Design 的字体家族中优先使用系统默认的界面字体，同时提供了一套利于屏显的备用字体库，来维护在不同平台以及浏览器的显示下，字体始终保持良好的易读性和可读性，体现了友好、稳定和专业的特性。","The font family of Ant Design prioritizes the default interface font of the system, and provides a set of alternative font libraries that are suitable for screen display to maintain the readability and readability of the font under different platforms and browsers, reflecting the friendly, stable and professional characteristics.","-apple-system, BlinkMacSystemFont, 'Segoe UI', Roboto, 'Helvetica Neue', Arial,
'Noto Sans', sans-serif, 'Apple Color Emoji', 'Segoe UI Emoji', 'Segoe UI Symbol',
'Noto Color Emoji'","-apple-system, BlinkMacSystemFont, 'Segoe UI', Roboto, 'Helvetica Neue', Arial,
'Noto Sans', sans-serif, 'Apple Color Emoji', 'Segoe UI Emoji', 'Segoe UI Symbol',
'Noto Color Emoji'","-apple-system, BlinkMacSystemFont, 'Segoe UI', Roboto, 'Helvetica Neue', Arial,
'Noto Sans', sans-serif, 'Apple Color Emoji', 'Segoe UI Emoji', 'Segoe UI Symbol',
'Noto Color Emoji'","-apple-system, BlinkMacSystemFont, 'Segoe UI', Roboto, 'Helvetica Neue', Arial,
'Noto Sans', sans-serif, 'Apple Color Emoji', 'Segoe UI Emoji', 'Segoe UI Symbol',
'Noto Color Emoji'","https://github.com/ant-design/ant-design/blob/164a310f742f801c49b3ff748b2823d5596104bd/components/theme/interface/seeds.ts"
"fontFamilyCode","seed","true","string","代码字体","Font family for code text","代码字体，用于 Typography 内的 code、pre 和 kbd 类型的元素","Code font, used for code, pre and kbd elements in Typography","'SFMono-Regular', Consolas, 'Liberation Mono', Menlo, Courier, monospace","'SFMono-Regular', Consolas, 'Liberation Mono', Menlo, Courier, monospace","'SFMono-Regular', Consolas, 'Liberation Mono', Menlo, Courier, monospace","'SFMono-Regular', Consolas, 'Liberation Mono', Menlo, Courier, monospace","https://github.com/ant-design/ant-design/blob/164a310f742f801c49b3ff748b2823d5596104bd/components/theme/interface/seeds.ts"
"fontHeight","runtime-computed","false","number","","","","","22","22","20","20","https://github.com/ant-design/ant-design/blob/164a310f742f801c49b3ff748b2823d5596104bd/components/theme/useToken.ts"
"fontHeightLG","runtime-computed","false","number","","","","","24","24","22","22","https://github.com/ant-design/ant-design/blob/164a310f742f801c49b3ff748b2823d5596104bd/components/theme/useToken.ts"
"fontHeightSM","runtime-computed","false","number","","","","","20","20","18","18","https://github.com/ant-design/ant-design/blob/164a310f742f801c49b3ff748b2823d5596104bd/components/theme/useToken.ts"
"fontSize","seed","true","number","默认字号","Default Font Size","设计系统中使用最广泛的字体大小，文本梯度也将基于该字号进行派生。","The most widely used font size in the design system, from which the text gradient will be derived.","14","14","12","12","https://github.com/ant-design/ant-design/blob/164a310f742f801c49b3ff748b2823d5596104bd/components/theme/interface/seeds.ts"
"fontSizeHeading1","map","true","string | number","一级标题字号","Font size of heading level 1","H1 标签所使用的字号","Font size of h1 tag.","38","38","32","32","https://github.com/ant-design/ant-design/blob/164a310f742f801c49b3ff748b2823d5596104bd/components/theme/interface/maps/index.ts"
"fontSizeHeading2","map","true","string | number","二级标题字号","Font size of heading level 2","h2 标签所使用的字号","Font size of h2 tag.","30","30","26","26","https://github.com/ant-design/ant-design/blob/164a310f742f801c49b3ff748b2823d5596104bd/components/theme/interface/maps/index.ts"
"fontSizeHeading3","map","true","string | number","三级标题字号","Font size of heading level 3","h3 标签使用的字号","Font size of h3 tag.","24","24","20","20","https://github.com/ant-design/ant-design/blob/164a310f742f801c49b3ff748b2823d5596104bd/components/theme/interface/maps/index.ts"
"fontSizeHeading4","map","true","string | number","四级标题字号","Font size of heading level 4","h4 标签使用的字号","Font size of h4 tag.","20","20","16","16","https://github.com/ant-design/ant-design/blob/164a310f742f801c49b3ff748b2823d5596104bd/components/theme/interface/maps/index.ts"
"fontSizeHeading5","map","true","string | number","五级标题字号","Font size of heading level 5","h5 标签使用的字号","Font size of h5 tag.","16","16","14","14","https://github.com/ant-design/ant-design/blob/164a310f742f801c49b3ff748b2823d5596104bd/components/theme/interface/maps/index.ts"
"fontSizeIcon","alias","true","number","选择器、级联选择器等中的操作图标字体大小","Operation icon font size in Select, Cascader, etc.","控制选择器、级联选择器等中的操作图标字体大小。正常情况下与 fontSizeSM 相同。","Control the font size of operation icon in Select, Cascader, etc. Normally same as fontSizeSM.","12","12","10","10","https://github.com/ant-design/ant-design/blob/164a310f742f801c49b3ff748b2823d5596104bd/components/theme/interface/alias.ts"
"fontSizeLG","map","true","number","","","大号字体大小","Large font size","16","16","14","14","https://github.com/ant-design/ant-design/blob/164a310f742f801c49b3ff748b2823d5596104bd/components/theme/interface/maps/index.ts"
"fontSizeSM","map","true","number","","","小号字体大小","Small font size","12","12","10","10","https://github.com/ant-design/ant-design/blob/164a310f742f801c49b3ff748b2823d5596104bd/components/theme/interface/maps/index.ts"
"fontSizeXL","map","true","number","","","超大号字体大小","Super large font size","20","20","16","16","https://github.com/ant-design/ant-design/blob/164a310f742f801c49b3ff748b2823d5596104bd/components/theme/interface/maps/index.ts"
"fontWeightStrong","alias","true","number","标题类组件（如 h1、h2、h3）或选中项的字体粗细","Font weight for heading components (such as h1, h2, h3) or selected item","控制标题类组件（如 h1、h2、h3）或选中项的字体粗细。","Control the font weight of heading components (such as h1, h2, h3) or selected item.","600","600","600","600","https://github.com/ant-design/ant-design/blob/164a310f742f801c49b3ff748b2823d5596104bd/components/theme/interface/alias.ts"
"geekblue","seed","true","color","预设geekblue颜色","Preset geekblue color","预设geekblue颜色","Preset geekblue color","#2F54EB","#2F54EB","#2F54EB","#2F54EB","https://github.com/ant-design/ant-design/blob/164a310f742f801c49b3ff748b2823d5596104bd/components/theme/interface/seeds.ts"
"geekblue-1","runtime-computed","false","string","","","","","#f0f5ff","#131629","#f0f5ff","#131629","https://github.com/ant-design/ant-design/blob/164a310f742f801c49b3ff748b2823d5596104bd/components/theme/useToken.ts"
"geekblue-10","runtime-computed","false","string","","","","","#030852","#d2e0fa","#030852","#d2e0fa","https://github.com/ant-design/ant-design/blob/164a310f742f801c49b3ff748b2823d5596104bd/components/theme/useToken.ts"
"geekblue-2","runtime-computed","false","string","","","","","#d6e4ff","#161d40","#d6e4ff","#161d40","https://github.com/ant-design/ant-design/blob/164a310f742f801c49b3ff748b2823d5596104bd/components/theme/useToken.ts"
"geekblue-3","runtime-computed","false","string","","","","","#adc6ff","#1c2755","#adc6ff","#1c2755","https://github.com/ant-design/ant-design/blob/164a310f742f801c49b3ff748b2823d5596104bd/components/theme/useToken.ts"
"geekblue-4","runtime-computed","false","string","","","","","#85a5ff","#203175","#85a5ff","#203175","https://github.com/ant-design/ant-design/blob/164a310f742f801c49b3ff748b2823d5596104bd/components/theme/useToken.ts"
"geekblue-5","runtime-computed","false","string","","","","","#597ef7","#263ea0","#597ef7","#263ea0","https://github.com/ant-design/ant-design/blob/164a310f742f801c49b3ff748b2823d5596104bd/components/theme/useToken.ts"
"geekblue-6","runtime-computed","false","string","","","","","#2f54eb","#2b4acb","#2f54eb","#2b4acb","https://github.com/ant-design/ant-design/blob/164a310f742f801c49b3ff748b2823d5596104bd/components/theme/useToken.ts"
"geekblue-7","runtime-computed","false","string","","","","","#1d39c4","#5273e0","#1d39c4","#5273e0","https://github.com/ant-design/ant-design/blob/164a310f742f801c49b3ff748b2823d5596104bd/components/theme/useToken.ts"
"geekblue-8","runtime-computed","false","string","","","","","#10239e","#7f9ef3","#10239e","#7f9ef3","https://github.com/ant-design/ant-design/blob/164a310f742f801c49b3ff748b2823d5596104bd/components/theme/useToken.ts"
"geekblue-9","runtime-computed","false","string","","","","","#061178","#a8c1f8","#061178","#a8c1f8","https://github.com/ant-design/ant-design/blob/164a310f742f801c49b3ff748b2823d5596104bd/components/theme/useToken.ts"
"geekblue1","runtime-computed","false","string","","","","","#f0f5ff","#131629","#f0f5ff","#131629","https://github.com/ant-design/ant-design/blob/164a310f742f801c49b3ff748b2823d5596104bd/components/theme/useToken.ts"
"geekblue10","runtime-computed","false","string","","","","","#030852","#d2e0fa","#030852","#d2e0fa","https://github.com/ant-design/ant-design/blob/164a310f742f801c49b3ff748b2823d5596104bd/components/theme/useToken.ts"
"geekblue2","runtime-computed","false","string","","","","","#d6e4ff","#161d40","#d6e4ff","#161d40","https://github.com/ant-design/ant-design/blob/164a310f742f801c49b3ff748b2823d5596104bd/components/theme/useToken.ts"
"geekblue3","runtime-computed","false","string","","","","","#adc6ff","#1c2755","#adc6ff","#1c2755","https://github.com/ant-design/ant-design/blob/164a310f742f801c49b3ff748b2823d5596104bd/components/theme/useToken.ts"
"geekblue4","runtime-computed","false","string","","","","","#85a5ff","#203175","#85a5ff","#203175","https://github.com/ant-design/ant-design/blob/164a310f742f801c49b3ff748b2823d5596104bd/components/theme/useToken.ts"
"geekblue5","runtime-computed","false","string","","","","","#597ef7","#263ea0","#597ef7","#263ea0","https://github.com/ant-design/ant-design/blob/164a310f742f801c49b3ff748b2823d5596104bd/components/theme/useToken.ts"
"geekblue6","runtime-computed","false","string","","","","","#2f54eb","#2b4acb","#2f54eb","#2b4acb","https://github.com/ant-design/ant-design/blob/164a310f742f801c49b3ff748b2823d5596104bd/components/theme/useToken.ts"
"geekblue7","runtime-computed","false","string","","","","","#1d39c4","#5273e0","#1d39c4","#5273e0","https://github.com/ant-design/ant-design/blob/164a310f742f801c49b3ff748b2823d5596104bd/components/theme/useToken.ts"
"geekblue8","runtime-computed","false","string","","","","","#10239e","#7f9ef3","#10239e","#7f9ef3","https://github.com/ant-design/ant-design/blob/164a310f742f801c49b3ff748b2823d5596104bd/components/theme/useToken.ts"
"geekblue9","runtime-computed","false","string","","","","","#061178","#a8c1f8","#061178","#a8c1f8","https://github.com/ant-design/ant-design/blob/164a310f742f801c49b3ff748b2823d5596104bd/components/theme/useToken.ts"
"geekblueActive","runtime-computed","false","string","","","","","#1d39c4","#5273e0","#1d39c4","#5273e0","https://github.com/ant-design/ant-design/blob/164a310f742f801c49b3ff748b2823d5596104bd/components/theme/useToken.ts"
"geekblueHover","runtime-computed","false","string","","","","","#597ef7","#263ea0","#597ef7","#263ea0","https://github.com/ant-design/ant-design/blob/164a310f742f801c49b3ff748b2823d5596104bd/components/theme/useToken.ts"
"gold","seed","true","color","预设gold颜色","Preset gold color","预设gold颜色","Preset gold color","#FAAD14","#FAAD14","#FAAD14","#FAAD14","https://github.com/ant-design/ant-design/blob/164a310f742f801c49b3ff748b2823d5596104bd/components/theme/interface/seeds.ts"
"gold-1","runtime-computed","false","string","","","","","#fffbe6","#2b2111","#fffbe6","#2b2111","https://github.com/ant-design/ant-design/blob/164a310f742f801c49b3ff748b2823d5596104bd/components/theme/useToken.ts"
"gold-10","runtime-computed","false","string","","","","","#613400","#faedb5","#613400","#faedb5","https://github.com/ant-design/ant-design/blob/164a310f742f801c49b3ff748b2823d5596104bd/components/theme/useToken.ts"
"gold-2","runtime-computed","false","string","","","","","#fff1b8","#443111","#fff1b8","#443111","https://github.com/ant-design/ant-design/blob/164a310f742f801c49b3ff748b2823d5596104bd/components/theme/useToken.ts"
"gold-3","runtime-computed","false","string","","","","","#ffe58f","#594214","#ffe58f","#594214","https://github.com/ant-design/ant-design/blob/164a310f742f801c49b3ff748b2823d5596104bd/components/theme/useToken.ts"
"gold-4","runtime-computed","false","string","","","","","#ffd666","#7c5914","#ffd666","#7c5914","https://github.com/ant-design/ant-design/blob/164a310f742f801c49b3ff748b2823d5596104bd/components/theme/useToken.ts"
"gold-5","runtime-computed","false","string","","","","","#ffc53d","#aa7714","#ffc53d","#aa7714","https://github.com/ant-design/ant-design/blob/164a310f742f801c49b3ff748b2823d5596104bd/components/theme/useToken.ts"
"gold-6","runtime-computed","false","string","","","","","#faad14","#d89614","#faad14","#d89614","https://github.com/ant-design/ant-design/blob/164a310f742f801c49b3ff748b2823d5596104bd/components/theme/useToken.ts"
"gold-7","runtime-computed","false","string","","","","","#d48806","#e8b339","#d48806","#e8b339","https://github.com/ant-design/ant-design/blob/164a310f742f801c49b3ff748b2823d5596104bd/components/theme/useToken.ts"
"gold-8","runtime-computed","false","string","","","","","#ad6800","#f3cc62","#ad6800","#f3cc62","https://github.com/ant-design/ant-design/blob/164a310f742f801c49b3ff748b2823d5596104bd/components/theme/useToken.ts"
"gold-9","runtime-computed","false","string","","","","","#874d00","#f8df8b","#874d00","#f8df8b","https://github.com/ant-design/ant-design/blob/164a310f742f801c49b3ff748b2823d5596104bd/components/theme/useToken.ts"
"gold1","runtime-computed","false","string","","","","","#fffbe6","#2b2111","#fffbe6","#2b2111","https://github.com/ant-design/ant-design/blob/164a310f742f801c49b3ff748b2823d5596104bd/components/theme/useToken.ts"
"gold10","runtime-computed","false","string","","","","","#613400","#faedb5","#613400","#faedb5","https://github.com/ant-design/ant-design/blob/164a310f742f801c49b3ff748b2823d5596104bd/components/theme/useToken.ts"
"gold2","runtime-computed","false","string","","","","","#fff1b8","#443111","#fff1b8","#443111","https://github.com/ant-design/ant-design/blob/164a310f742f801c49b3ff748b2823d5596104bd/components/theme/useToken.ts"
"gold3","runtime-computed","false","string","","","","","#ffe58f","#594214","#ffe58f","#594214","https://github.com/ant-design/ant-design/blob/164a310f742f801c49b3ff748b2823d5596104bd/components/theme/useToken.ts"
"gold4","runtime-computed","false","string","","","","","#ffd666","#7c5914","#ffd666","#7c5914","https://github.com/ant-design/ant-design/blob/164a310f742f801c49b3ff748b2823d5596104bd/components/theme/useToken.ts"
"gold5","runtime-computed","false","string","","","","","#ffc53d","#aa7714","#ffc53d","#aa7714","https://github.com/ant-design/ant-design/blob/164a310f742f801c49b3ff748b2823d5596104bd/components/theme/useToken.ts"
"gold6","runtime-computed","false","string","","","","","#faad14","#d89614","#faad14","#d89614","https://github.com/ant-design/ant-design/blob/164a310f742f801c49b3ff748b2823d5596104bd/components/theme/useToken.ts"
"gold7","runtime-computed","false","string","","","","","#d48806","#e8b339","#d48806","#e8b339","https://github.com/ant-design/ant-design/blob/164a310f742f801c49b3ff748b2823d5596104bd/components/theme/useToken.ts"
"gold8","runtime-computed","false","string","","","","","#ad6800","#f3cc62","#ad6800","#f3cc62","https://github.com/ant-design/ant-design/blob/164a310f742f801c49b3ff748b2823d5596104bd/components/theme/useToken.ts"
"gold9","runtime-computed","false","string","","","","","#874d00","#f8df8b","#874d00","#f8df8b","https://github.com/ant-design/ant-design/blob/164a310f742f801c49b3ff748b2823d5596104bd/components/theme/useToken.ts"
"goldActive","runtime-computed","false","string","","","","","#d48806","#e8b339","#d48806","#e8b339","https://github.com/ant-design/ant-design/blob/164a310f742f801c49b3ff748b2823d5596104bd/components/theme/useToken.ts"
"goldHover","runtime-computed","false","string","","","","","#ffc53d","#aa7714","#ffc53d","#aa7714","https://github.com/ant-design/ant-design/blob/164a310f742f801c49b3ff748b2823d5596104bd/components/theme/useToken.ts"
"green","seed","true","color","预设green颜色","Preset green color","预设green颜色","Preset green color","#52C41A","#52C41A","#52C41A","#52C41A","https://github.com/ant-design/ant-design/blob/164a310f742f801c49b3ff748b2823d5596104bd/components/theme/interface/seeds.ts"
"green-1","runtime-computed","false","string","","","","","#f6ffed","#162312","#f6ffed","#162312","https://github.com/ant-design/ant-design/blob/164a310f742f801c49b3ff748b2823d5596104bd/components/theme/useToken.ts"
"green-10","runtime-computed","false","string","","","","","#092b00","#d5f2bb","#092b00","#d5f2bb","https://github.com/ant-design/ant-design/blob/164a310f742f801c49b3ff748b2823d5596104bd/components/theme/useToken.ts"
"green-2","runtime-computed","false","string","","","","","#d9f7be","#1d3712","#d9f7be","#1d3712","https://github.com/ant-design/ant-design/blob/164a310f742f801c49b3ff748b2823d5596104bd/components/theme/useToken.ts"
"green-3","runtime-computed","false","string","","","","","#b7eb8f","#274916","#b7eb8f","#274916","https://github.com/ant-design/ant-design/blob/164a310f742f801c49b3ff748b2823d5596104bd/components/theme/useToken.ts"
"green-4","runtime-computed","false","string","","","","","#95de64","#306317","#95de64","#306317","https://github.com/ant-design/ant-design/blob/164a310f742f801c49b3ff748b2823d5596104bd/components/theme/useToken.ts"
"green-5","runtime-computed","false","string","","","","","#73d13d","#3c8618","#73d13d","#3c8618","https://github.com/ant-design/ant-design/blob/164a310f742f801c49b3ff748b2823d5596104bd/components/theme/useToken.ts"
"green-6","runtime-computed","false","string","","","","","#52c41a","#49aa19","#52c41a","#49aa19","https://github.com/ant-design/ant-design/blob/164a310f742f801c49b3ff748b2823d5596104bd/components/theme/useToken.ts"
"green-7","runtime-computed","false","string","","","","","#389e0d","#6abe39","#389e0d","#6abe39","https://github.com/ant-design/ant-design/blob/164a310f742f801c49b3ff748b2823d5596104bd/components/theme/useToken.ts"
"green-8","runtime-computed","false","string","","","","","#237804","#8fd460","#237804","#8fd460","https://github.com/ant-design/ant-design/blob/164a310f742f801c49b3ff748b2823d5596104bd/components/theme/useToken.ts"
"green-9","runtime-computed","false","string","","","","","#135200","#b2e58b","#135200","#b2e58b","https://github.com/ant-design/ant-design/blob/164a310f742f801c49b3ff748b2823d5596104bd/components/theme/useToken.ts"
"green1","runtime-computed","false","string","","","","","#f6ffed","#162312","#f6ffed","#162312","https://github.com/ant-design/ant-design/blob/164a310f742f801c49b3ff748b2823d5596104bd/components/theme/useToken.ts"
"green10","runtime-computed","false","string","","","","","#092b00","#d5f2bb","#092b00","#d5f2bb","https://github.com/ant-design/ant-design/blob/164a310f742f801c49b3ff748b2823d5596104bd/components/theme/useToken.ts"
"green2","runtime-computed","false","string","","","","","#d9f7be","#1d3712","#d9f7be","#1d3712","https://github.com/ant-design/ant-design/blob/164a310f742f801c49b3ff748b2823d5596104bd/components/theme/useToken.ts"
"green3","runtime-computed","false","string","","","","","#b7eb8f","#274916","#b7eb8f","#274916","https://github.com/ant-design/ant-design/blob/164a310f742f801c49b3ff748b2823d5596104bd/components/theme/useToken.ts"
"green4","runtime-computed","false","string","","","","","#95de64","#306317","#95de64","#306317","https://github.com/ant-design/ant-design/blob/164a310f742f801c49b3ff748b2823d5596104bd/components/theme/useToken.ts"
"green5","runtime-computed","false","string","","","","","#73d13d","#3c8618","#73d13d","#3c8618","https://github.com/ant-design/ant-design/blob/164a310f742f801c49b3ff748b2823d5596104bd/components/theme/useToken.ts"
"green6","runtime-computed","false","string","","","","","#52c41a","#49aa19","#52c41a","#49aa19","https://github.com/ant-design/ant-design/blob/164a310f742f801c49b3ff748b2823d5596104bd/components/theme/useToken.ts"
"green7","runtime-computed","false","string","","","","","#389e0d","#6abe39","#389e0d","#6abe39","https://github.com/ant-design/ant-design/blob/164a310f742f801c49b3ff748b2823d5596104bd/components/theme/useToken.ts"
"green8","runtime-computed","false","string","","","","","#237804","#8fd460","#237804","#8fd460","https://github.com/ant-design/ant-design/blob/164a310f742f801c49b3ff748b2823d5596104bd/components/theme/useToken.ts"
"green9","runtime-computed","false","string","","","","","#135200","#b2e58b","#135200","#b2e58b","https://github.com/ant-design/ant-design/blob/164a310f742f801c49b3ff748b2823d5596104bd/components/theme/useToken.ts"
"greenActive","runtime-computed","false","string","","","","","#389e0d","#6abe39","#389e0d","#6abe39","https://github.com/ant-design/ant-design/blob/164a310f742f801c49b3ff748b2823d5596104bd/components/theme/useToken.ts"
"greenHover","runtime-computed","false","string","","","","","#73d13d","#3c8618","#73d13d","#3c8618","https://github.com/ant-design/ant-design/blob/164a310f742f801c49b3ff748b2823d5596104bd/components/theme/useToken.ts"
"lime","seed","true","color","预设lime颜色","Preset lime color","预设lime颜色","Preset lime color","#A0D911","#A0D911","#A0D911","#A0D911","https://github.com/ant-design/ant-design/blob/164a310f742f801c49b3ff748b2823d5596104bd/components/theme/interface/seeds.ts"
"lime-1","runtime-computed","false","string","","","","","#fcffe6","#1f2611","#fcffe6","#1f2611","https://github.com/ant-design/ant-design/blob/164a310f742f801c49b3ff748b2823d5596104bd/components/theme/useToken.ts"
"lime-10","runtime-computed","false","string","","","","","#254000","#f0fab5","#254000","#f0fab5","https://github.com/ant-design/ant-design/blob/164a310f742f801c49b3ff748b2823d5596104bd/components/theme/useToken.ts"
"lime-2","runtime-computed","false","string","","","","","#f4ffb8","#2e3c10","#f4ffb8","#2e3c10","https://github.com/ant-design/ant-design/blob/164a310f742f801c49b3ff748b2823d5596104bd/components/theme/useToken.ts"
"lime-3","runtime-computed","false","string","","","","","#eaff8f","#3e4f13","#eaff8f","#3e4f13","https://github.com/ant-design/ant-design/blob/164a310f742f801c49b3ff748b2823d5596104bd/components/theme/useToken.ts"
"lime-4","runtime-computed","false","string","","","","","#d3f261","#536d13","#d3f261","#536d13","https://github.com/ant-design/ant-design/blob/164a310f742f801c49b3ff748b2823d5596104bd/components/theme/useToken.ts"
"lime-5","runtime-computed","false","string","","","","","#bae637","#6f9412","#bae637","#6f9412","https://github.com/ant-design/ant-design/blob/164a310f742f801c49b3ff748b2823d5596104bd/components/theme/useToken.ts"
"lime-6","runtime-computed","false","string","","","","","#a0d911","#8bbb11","#a0d911","#8bbb11","https://github.com/ant-design/ant-design/blob/164a310f742f801c49b3ff748b2823d5596104bd/components/theme/useToken.ts"
"lime-7","runtime-computed","false","string","","","","","#7cb305","#a9d134","#7cb305","#a9d134","https://github.com/ant-design/ant-design/blob/164a310f742f801c49b3ff748b2823d5596104bd/components/theme/useToken.ts"
"lime-8","runtime-computed","false","string","","","","","#5b8c00","#c9e75d","#5b8c00","#c9e75d","https://github.com/ant-design/ant-design/blob/164a310f742f801c49b3ff748b2823d5596104bd/components/theme/useToken.ts"
"lime-9","runtime-computed","false","string","","","","","#3f6600","#e4f88b","#3f6600","#e4f88b","https://github.com/ant-design/ant-design/blob/164a310f742f801c49b3ff748b2823d5596104bd/components/theme/useToken.ts"
"lime1","runtime-computed","false","string","","","","","#fcffe6","#1f2611","#fcffe6","#1f2611","https://github.com/ant-design/ant-design/blob/164a310f742f801c49b3ff748b2823d5596104bd/components/theme/useToken.ts"
"lime10","runtime-computed","false","string","","","","","#254000","#f0fab5","#254000","#f0fab5","https://github.com/ant-design/ant-design/blob/164a310f742f801c49b3ff748b2823d5596104bd/components/theme/useToken.ts"
"lime2","runtime-computed","false","string","","","","","#f4ffb8","#2e3c10","#f4ffb8","#2e3c10","https://github.com/ant-design/ant-design/blob/164a310f742f801c49b3ff748b2823d5596104bd/components/theme/useToken.ts"
"lime3","runtime-computed","false","string","","","","","#eaff8f","#3e4f13","#eaff8f","#3e4f13","https://github.com/ant-design/ant-design/blob/164a310f742f801c49b3ff748b2823d5596104bd/components/theme/useToken.ts"
"lime4","runtime-computed","false","string","","","","","#d3f261","#536d13","#d3f261","#536d13","https://github.com/ant-design/ant-design/blob/164a310f742f801c49b3ff748b2823d5596104bd/components/theme/useToken.ts"
"lime5","runtime-computed","false","string","","","","","#bae637","#6f9412","#bae637","#6f9412","https://github.com/ant-design/ant-design/blob/164a310f742f801c49b3ff748b2823d5596104bd/components/theme/useToken.ts"
"lime6","runtime-computed","false","string","","","","","#a0d911","#8bbb11","#a0d911","#8bbb11","https://github.com/ant-design/ant-design/blob/164a310f742f801c49b3ff748b2823d5596104bd/components/theme/useToken.ts"
"lime7","runtime-computed","false","string","","","","","#7cb305","#a9d134","#7cb305","#a9d134","https://github.com/ant-design/ant-design/blob/164a310f742f801c49b3ff748b2823d5596104bd/components/theme/useToken.ts"
"lime8","runtime-computed","false","string","","","","","#5b8c00","#c9e75d","#5b8c00","#c9e75d","https://github.com/ant-design/ant-design/blob/164a310f742f801c49b3ff748b2823d5596104bd/components/theme/useToken.ts"
"lime9","runtime-computed","false","string","","","","","#3f6600","#e4f88b","#3f6600","#e4f88b","https://github.com/ant-design/ant-design/blob/164a310f742f801c49b3ff748b2823d5596104bd/components/theme/useToken.ts"
"limeActive","runtime-computed","false","string","","","","","#7cb305","#a9d134","#7cb305","#a9d134","https://github.com/ant-design/ant-design/blob/164a310f742f801c49b3ff748b2823d5596104bd/components/theme/useToken.ts"
"limeHover","runtime-computed","false","string","","","","","#bae637","#6f9412","#bae637","#6f9412","https://github.com/ant-design/ant-design/blob/164a310f742f801c49b3ff748b2823d5596104bd/components/theme/useToken.ts"
"lineHeight","map","true","number","","","文本行高","Line height of text.","1.5714285714285714","1.5714285714285714","1.6666666666666667","1.6666666666666667","https://github.com/ant-design/ant-design/blob/164a310f742f801c49b3ff748b2823d5596104bd/components/theme/interface/maps/index.ts"
"lineHeightHeading1","map","true","number","一级标题行高","Line height of heading level 1","H1 标签所使用的行高","Line height of h1 tag.","1.2105263157894737","1.2105263157894737","1.25","1.25","https://github.com/ant-design/ant-design/blob/164a310f742f801c49b3ff748b2823d5596104bd/components/theme/interface/maps/index.ts"
"lineHeightHeading2","map","true","number","二级标题行高","Line height of heading level 2","h2 标签所使用的行高","Line height of h2 tag.","1.2666666666666666","1.2666666666666666","1.3076923076923077","1.3076923076923077","https://github.com/ant-design/ant-design/blob/164a310f742f801c49b3ff748b2823d5596104bd/components/theme/interface/maps/index.ts"
"lineHeightHeading3","map","true","number","三级标题行高","Line height of heading level 3","h3 标签所使用的行高","Line height of h3 tag.","1.3333333333333333","1.3333333333333333","1.4","1.4","https://github.com/ant-design/ant-design/blob/164a310f742f801c49b3ff748b2823d5596104bd/components/theme/interface/maps/index.ts"
"lineHeightHeading4","map","true","number","四级标题行高","Line height of heading level 4","h4 标签所使用的行高","Line height of h4 tag.","1.4","1.4","1.5","1.5","https://github.com/ant-design/ant-design/blob/164a310f742f801c49b3ff748b2823d5596104bd/components/theme/interface/maps/index.ts"
"lineHeightHeading5","map","true","number","五级标题行高","Line height of heading level 5","h5 标签所使用的行高","Line height of h5 tag.","1.5","1.5","1.5714285714285714","1.5714285714285714","https://github.com/ant-design/ant-design/blob/164a310f742f801c49b3ff748b2823d5596104bd/components/theme/interface/maps/index.ts"
"lineHeightLG","map","true","number","","","大型文本行高","Line height of large text.","1.5","1.5","1.5714285714285714","1.5714285714285714","https://github.com/ant-design/ant-design/blob/164a310f742f801c49b3ff748b2823d5596104bd/components/theme/interface/maps/index.ts"
"lineHeightSM","map","true","number","","","小型文本行高","Line height of small text.","1.6666666666666667","1.6666666666666667","1.8","1.8","https://github.com/ant-design/ant-design/blob/164a310f742f801c49b3ff748b2823d5596104bd/components/theme/interface/maps/index.ts"
"lineType","seed","true","string","线条样式","Line Style","用于控制组件边框、分割线等的样式，默认是实线","Border style of base components","solid","solid","solid","solid","https://github.com/ant-design/ant-design/blob/164a310f742f801c49b3ff748b2823d5596104bd/components/theme/interface/seeds.ts"
"lineWidth","seed","true","number","基础线宽","Base Line Width","用于控制组件边框、分割线等的宽度","Border width of base components","1","1","1","1","https://github.com/ant-design/ant-design/blob/164a310f742f801c49b3ff748b2823d5596104bd/components/theme/interface/seeds.ts"
"lineWidthBold","map","true","number","线宽","Line Width","描边类组件的默认线宽，如 Button、Input、Select 等输入类控件。","The default line width of the outline class components, such as Button, Input, Select, etc.","2","2","2","2","https://github.com/ant-design/ant-design/blob/164a310f742f801c49b3ff748b2823d5596104bd/components/theme/interface/maps/index.ts"
"lineWidthFocus","alias","true","number","线条宽度(聚焦态)","Line width(focus state)","控制线条的宽度，当组件处于聚焦态时。","Control the width of the line when the component is in focus state.","3","3","3","3","https://github.com/ant-design/ant-design/blob/164a310f742f801c49b3ff748b2823d5596104bd/components/theme/interface/alias.ts"
"linkDecoration","alias","true","TextDecoration<string | number> | undefined","链接文本装饰","Link text decoration","控制链接文本的装饰样式。","Control the text decoration style of a link.","none","none","none","none","https://github.com/ant-design/ant-design/blob/164a310f742f801c49b3ff748b2823d5596104bd/components/theme/interface/alias.ts"
"linkFocusDecoration","alias","true","TextDecoration<string | number> | undefined","链接聚焦时文本装饰","Link text decoration on focus","控制链接聚焦时文本的装饰样式。","Control the text decoration style of a link on focus.","none","none","none","none","https://github.com/ant-design/ant-design/blob/164a310f742f801c49b3ff748b2823d5596104bd/components/theme/interface/alias.ts"
"linkHoverDecoration","alias","true","TextDecoration<string | number> | undefined","链接鼠标悬浮时文本装饰","Link text decoration on mouse hover","控制链接鼠标悬浮时文本的装饰样式。","Control the text decoration style of a link on mouse hover.","none","none","none","none","https://github.com/ant-design/ant-design/blob/164a310f742f801c49b3ff748b2823d5596104bd/components/theme/interface/alias.ts"
"magenta","seed","true","color","预设magenta颜色","Preset magenta color","预设magenta颜色","Preset magenta color","#EB2F96","#EB2F96","#EB2F96","#EB2F96","https://github.com/ant-design/ant-design/blob/164a310f742f801c49b3ff748b2823d5596104bd/components/theme/interface/seeds.ts"
"magenta-1","runtime-computed","false","string","","","","","#fff0f6","#291321","#fff0f6","#291321","https://github.com/ant-design/ant-design/blob/164a310f742f801c49b3ff748b2823d5596104bd/components/theme/useToken.ts"
"magenta-10","runtime-computed","false","string","","","","","#520339","#fad2e3","#520339","#fad2e3","https://github.com/ant-design/ant-design/blob/164a310f742f801c49b3ff748b2823d5596104bd/components/theme/useToken.ts"
"magenta-2","runtime-computed","false","string","","","","","#ffd6e7","#40162f","#ffd6e7","#40162f","https://github.com/ant-design/ant-design/blob/164a310f742f801c49b3ff748b2823d5596104bd/components/theme/useToken.ts"
"magenta-3","runtime-computed","false","string","","","","","#ffadd2","#551c3b","#ffadd2","#551c3b","https://github.com/ant-design/ant-design/blob/164a310f742f801c49b3ff748b2823d5596104bd/components/theme/useToken.ts"
"magenta-4","runtime-computed","false","string","","","","","#ff85c0","#75204f","#ff85c0","#75204f","https://github.com/ant-design/ant-design/blob/164a310f742f801c49b3ff748b2823d5596104bd/components/theme/useToken.ts"
"magenta-5","runtime-computed","false","string","","","","","#f759ab","#a02669","#f759ab","#a02669","https://github.com/ant-design/ant-design/blob/164a310f742f801c49b3ff748b2823d5596104bd/components/theme/useToken.ts"
"magenta-6","runtime-computed","false","string","","","","","#eb2f96","#cb2b83","#eb2f96","#cb2b83","https://github.com/ant-design/ant-design/blob/164a310f742f801c49b3ff748b2823d5596104bd/components/theme/useToken.ts"
"magenta-7","runtime-computed","false","string","","","","","#c41d7f","#e0529c","#c41d7f","#e0529c","https://github.com/ant-design/ant-design/blob/164a310f742f801c49b3ff748b2823d5596104bd/components/theme/useToken.ts"
"magenta-8","runtime-computed","false","string","","","","","#9e1068","#f37fb7","#9e1068","#f37fb7","https://github.com/ant-design/ant-design/blob/164a310f742f801c49b3ff748b2823d5596104bd/components/theme/useToken.ts"
"magenta-9","runtime-computed","false","string","","","","","#780650","#f8a8cc","#780650","#f8a8cc","https://github.com/ant-design/ant-design/blob/164a310f742f801c49b3ff748b2823d5596104bd/components/theme/useToken.ts"
"magenta1","runtime-computed","false","string","","","","","#fff0f6","#291321","#fff0f6","#291321","https://github.com/ant-design/ant-design/blob/164a310f742f801c49b3ff748b2823d5596104bd/components/theme/useToken.ts"
"magenta10","runtime-computed","false","string","","","","","#520339","#fad2e3","#520339","#fad2e3","https://github.com/ant-design/ant-design/blob/164a310f742f801c49b3ff748b2823d5596104bd/components/theme/useToken.ts"
"magenta2","runtime-computed","false","string","","","","","#ffd6e7","#40162f","#ffd6e7","#40162f","https://github.com/ant-design/ant-design/blob/164a310f742f801c49b3ff748b2823d5596104bd/components/theme/useToken.ts"
"magenta3","runtime-computed","false","string","","","","","#ffadd2","#551c3b","#ffadd2","#551c3b","https://github.com/ant-design/ant-design/blob/164a310f742f801c49b3ff748b2823d5596104bd/components/theme/useToken.ts"
"magenta4","runtime-computed","false","string","","","","","#ff85c0","#75204f","#ff85c0","#75204f","https://github.com/ant-design/ant-design/blob/164a310f742f801c49b3ff748b2823d5596104bd/components/theme/useToken.ts"
"magenta5","runtime-computed","false","string","","","","","#f759ab","#a02669","#f759ab","#a02669","https://github.com/ant-design/ant-design/blob/164a310f742f801c49b3ff748b2823d5596104bd/components/theme/useToken.ts"
"magenta6","runtime-computed","false","string","","","","","#eb2f96","#cb2b83","#eb2f96","#cb2b83","https://github.com/ant-design/ant-design/blob/164a310f742f801c49b3ff748b2823d5596104bd/components/theme/useToken.ts"
"magenta7","runtime-computed","false","string","","","","","#c41d7f","#e0529c","#c41d7f","#e0529c","https://github.com/ant-design/ant-design/blob/164a310f742f801c49b3ff748b2823d5596104bd/components/theme/useToken.ts"
"magenta8","runtime-computed","false","string","","","","","#9e1068","#f37fb7","#9e1068","#f37fb7","https://github.com/ant-design/ant-design/blob/164a310f742f801c49b3ff748b2823d5596104bd/components/theme/useToken.ts"
"magenta9","runtime-computed","false","string","","","","","#780650","#f8a8cc","#780650","#f8a8cc","https://github.com/ant-design/ant-design/blob/164a310f742f801c49b3ff748b2823d5596104bd/components/theme/useToken.ts"
"magentaActive","runtime-computed","false","string","","","","","#c41d7f","#e0529c","#c41d7f","#e0529c","https://github.com/ant-design/ant-design/blob/164a310f742f801c49b3ff748b2823d5596104bd/components/theme/useToken.ts"
"magentaHover","runtime-computed","false","string","","","","","#f759ab","#a02669","#f759ab","#a02669","https://github.com/ant-design/ant-design/blob/164a310f742f801c49b3ff748b2823d5596104bd/components/theme/useToken.ts"
"margin","alias","true","number","外边距","Margin","控制元素外边距，中等尺寸。","Control the margin of an element, with a medium size.","16","16","8","8","https://github.com/ant-design/ant-design/blob/164a310f742f801c49b3ff748b2823d5596104bd/components/theme/interface/alias.ts"
"marginLG","alias","true","number","外边距 LG","Margin LG","控制元素外边距，大尺寸。","Control the margin of an element, with a large size.","24","24","16","16","https://github.com/ant-design/ant-design/blob/164a310f742f801c49b3ff748b2823d5596104bd/components/theme/interface/alias.ts"
"marginMD","alias","true","number","外边距 MD","Margin MD","控制元素外边距，中大尺寸。","Control the margin of an element, with a medium-large size.","20","20","16","16","https://github.com/ant-design/ant-design/blob/164a310f742f801c49b3ff748b2823d5596104bd/components/theme/interface/alias.ts"
"marginSM","alias","true","number","外边距 SM","Margin SM","控制元素外边距，中小尺寸。","Control the margin of an element, with a medium-small size.","12","12","8","8","https://github.com/ant-design/ant-design/blob/164a310f742f801c49b3ff748b2823d5596104bd/components/theme/interface/alias.ts"
"marginXL","alias","true","number","外边距 XL","Margin XL","控制元素外边距，超大尺寸。","Control the margin of an element, with an extra-large size.","32","32","32","32","https://github.com/ant-design/ant-design/blob/164a310f742f801c49b3ff748b2823d5596104bd/components/theme/interface/alias.ts"
"marginXS","alias","true","number","外边距 XS","Margin XS","控制元素外边距，小尺寸。","Control the margin of an element, with a small size.","8","8","4","4","https://github.com/ant-design/ant-design/blob/164a310f742f801c49b3ff748b2823d5596104bd/components/theme/interface/alias.ts"
"marginXXL","alias","true","number","外边距 XXL","Margin XXL","控制元素外边距，最大尺寸。","Control the margin of an element, with the largest size.","48","48","48","48","https://github.com/ant-design/ant-design/blob/164a310f742f801c49b3ff748b2823d5596104bd/components/theme/interface/alias.ts"
"marginXXS","alias","true","number","外边距 XXS","Margin XXS","控制元素外边距，最小尺寸。","Control the margin of an element, with the smallest size.","4","4","4","4","https://github.com/ant-design/ant-design/blob/164a310f742f801c49b3ff748b2823d5596104bd/components/theme/interface/alias.ts"
"motion","seed","true","boolean","动画风格","Motion Style","用于配置动画效果，为 `false` 时则关闭动画","Used to configure the motion effect, when it is `false`, the motion is turned off","true","true","true","true","https://github.com/ant-design/ant-design/blob/164a310f742f801c49b3ff748b2823d5596104bd/components/theme/interface/seeds.ts"
"motionBase","seed","true","number","动画基础时长。","Animation Base Duration.","动画基础时长。","Animation Base Duration.","0","0","0","0","https://github.com/ant-design/ant-design/blob/164a310f742f801c49b3ff748b2823d5596104bd/components/theme/interface/seeds.ts"
"motionDurationFast","map","true","string","","","动效播放速度，快速。用于小型元素动画交互","Motion speed, fast speed. Used for small element animation interaction.","0.1s","0.1s","0.1s","0.1s","https://github.com/ant-design/ant-design/blob/164a310f742f801c49b3ff748b2823d5596104bd/components/theme/interface/maps/index.ts"
"motionDurationMid","map","true","string","","","动效播放速度，中速。用于中型元素动画交互","Motion speed, medium speed. Used for medium element animation interaction.","0.2s","0.2s","0.2s","0.2s","https://github.com/ant-design/ant-design/blob/164a310f742f801c49b3ff748b2823d5596104bd/components/theme/interface/maps/index.ts"
"motionDurationSlow","map","true","string","","","动效播放速度，慢速。用于大型元素如面板动画交互","Motion speed, slow speed. Used for large element animation interaction.","0.3s","0.3s","0.3s","0.3s","https://github.com/ant-design/ant-design/blob/164a310f742f801c49b3ff748b2823d5596104bd/components/theme/interface/maps/index.ts"
"motionEaseInBack","seed","true","string","","","预设动效曲率","Preset motion curve.","cubic-bezier(0.71, -0.46, 0.88, 0.6)","cubic-bezier(0.71, -0.46, 0.88, 0.6)","cubic-bezier(0.71, -0.46, 0.88, 0.6)","cubic-bezier(0.71, -0.46, 0.88, 0.6)","https://github.com/ant-design/ant-design/blob/164a310f742f801c49b3ff748b2823d5596104bd/components/theme/interface/seeds.ts"
"motionEaseInOut","seed","true","string","","","预设动效曲率","Preset motion curve.","cubic-bezier(0.645, 0.045, 0.355, 1)","cubic-bezier(0.645, 0.045, 0.355, 1)","cubic-bezier(0.645, 0.045, 0.355, 1)","cubic-bezier(0.645, 0.045, 0.355, 1)","https://github.com/ant-design/ant-design/blob/164a310f742f801c49b3ff748b2823d5596104bd/components/theme/interface/seeds.ts"
"motionEaseInOutCirc","seed","true","string","","","预设动效曲率","Preset motion curve.","cubic-bezier(0.78, 0.14, 0.15, 0.86)","cubic-bezier(0.78, 0.14, 0.15, 0.86)","cubic-bezier(0.78, 0.14, 0.15, 0.86)","cubic-bezier(0.78, 0.14, 0.15, 0.86)","https://github.com/ant-design/ant-design/blob/164a310f742f801c49b3ff748b2823d5596104bd/components/theme/interface/seeds.ts"
"motionEaseInQuint","seed","true","string","","","预设动效曲率","Preset motion curve.","cubic-bezier(0.755, 0.05, 0.855, 0.06)","cubic-bezier(0.755, 0.05, 0.855, 0.06)","cubic-bezier(0.755, 0.05, 0.855, 0.06)","cubic-bezier(0.755, 0.05, 0.855, 0.06)","https://github.com/ant-design/ant-design/blob/164a310f742f801c49b3ff748b2823d5596104bd/components/theme/interface/seeds.ts"
"motionEaseOut","seed","true","string","","","预设动效曲率","Preset motion curve.","cubic-bezier(0.215, 0.61, 0.355, 1)","cubic-bezier(0.215, 0.61, 0.355, 1)","cubic-bezier(0.215, 0.61, 0.355, 1)","cubic-bezier(0.215, 0.61, 0.355, 1)","https://github.com/ant-design/ant-design/blob/164a310f742f801c49b3ff748b2823d5596104bd/components/theme/interface/seeds.ts"
"motionEaseOutBack","seed","true","string","","","预设动效曲率","Preset motion curve.","cubic-bezier(0.12, 0.4, 0.29, 1.46)","cubic-bezier(0.12, 0.4, 0.29, 1.46)","cubic-bezier(0.12, 0.4, 0.29, 1.46)","cubic-bezier(0.12, 0.4, 0.29, 1.46)","https://github.com/ant-design/ant-design/blob/164a310f742f801c49b3ff748b2823d5596104bd/components/theme/interface/seeds.ts"
"motionEaseOutCirc","seed","true","string","","","预设动效曲率","Preset motion curve.","cubic-bezier(0.08, 0.82, 0.17, 1)","cubic-bezier(0.08, 0.82, 0.17, 1)","cubic-bezier(0.08, 0.82, 0.17, 1)","cubic-bezier(0.08, 0.82, 0.17, 1)","https://github.com/ant-design/ant-design/blob/164a310f742f801c49b3ff748b2823d5596104bd/components/theme/interface/seeds.ts"
"motionEaseOutQuint","seed","true","string","","","预设动效曲率","Preset motion curve.","cubic-bezier(0.23, 1, 0.32, 1)","cubic-bezier(0.23, 1, 0.32, 1)","cubic-bezier(0.23, 1, 0.32, 1)","cubic-bezier(0.23, 1, 0.32, 1)","https://github.com/ant-design/ant-design/blob/164a310f742f801c49b3ff748b2823d5596104bd/components/theme/interface/seeds.ts"
"motionUnit","seed","true","number","动画时长变化单位","Animation Duration Unit","用于控制动画时长的变化单位","The unit of animation duration change","0.1","0.1","0.1","0.1","https://github.com/ant-design/ant-design/blob/164a310f742f801c49b3ff748b2823d5596104bd/components/theme/interface/seeds.ts"
"opacityImage","seed","true","number","图片不透明度","Define default Image opacity. Useful when in dark-like theme","控制图片不透明度","Control image opacity","1","1","1","1","https://github.com/ant-design/ant-design/blob/164a310f742f801c49b3ff748b2823d5596104bd/components/theme/interface/seeds.ts"
"opacityLoading","alias","true","number","加载状态透明度","Loading opacity","控制加载状态的透明度。","Control the opacity of the loading state.","0.65","0.65","0.65","0.65","https://github.com/ant-design/ant-design/blob/164a310f742f801c49b3ff748b2823d5596104bd/components/theme/interface/alias.ts"
"orange","seed","true","color","预设orange颜色","Preset orange color","预设orange颜色","Preset orange color","#FA8C16","#FA8C16","#FA8C16","#FA8C16","https://github.com/ant-design/ant-design/blob/164a310f742f801c49b3ff748b2823d5596104bd/components/theme/interface/seeds.ts"
"orange-1","runtime-computed","false","string","","","","","#fff7e6","#2b1d11","#fff7e6","#2b1d11","https://github.com/ant-design/ant-design/blob/164a310f742f801c49b3ff748b2823d5596104bd/components/theme/useToken.ts"
"orange-10","runtime-computed","false","string","","","","","#612500","#fae3b7","#612500","#fae3b7","https://github.com/ant-design/ant-design/blob/164a310f742f801c49b3ff748b2823d5596104bd/components/theme/useToken.ts"
"orange-2","runtime-computed","false","string","","","","","#ffe7ba","#442a11","#ffe7ba","#442a11","https://github.com/ant-design/ant-design/blob/164a310f742f801c49b3ff748b2823d5596104bd/components/theme/useToken.ts"
"orange-3","runtime-computed","false","string","","","","","#ffd591","#593815","#ffd591","#593815","https://github.com/ant-design/ant-design/blob/164a310f742f801c49b3ff748b2823d5596104bd/components/theme/useToken.ts"
"orange-4","runtime-computed","false","string","","","","","#ffc069","#7c4a15","#ffc069","#7c4a15","https://github.com/ant-design/ant-design/blob/164a310f742f801c49b3ff748b2823d5596104bd/components/theme/useToken.ts"
"orange-5","runtime-computed","false","string","","","","","#ffa940","#aa6215","#ffa940","#aa6215","https://github.com/ant-design/ant-design/blob/164a310f742f801c49b3ff748b2823d5596104bd/components/theme/useToken.ts"
"orange-6","runtime-computed","false","string","","","","","#fa8c16","#d87a16","#fa8c16","#d87a16","https://github.com/ant-design/ant-design/blob/164a310f742f801c49b3ff748b2823d5596104bd/components/theme/useToken.ts"
"orange-7","runtime-computed","false","string","","","","","#d46b08","#e89a3c","#d46b08","#e89a3c","https://github.com/ant-design/ant-design/blob/164a310f742f801c49b3ff748b2823d5596104bd/components/theme/useToken.ts"
"orange-8","runtime-computed","false","string","","","","","#ad4e00","#f3b765","#ad4e00","#f3b765","https://github.com/ant-design/ant-design/blob/164a310f742f801c49b3ff748b2823d5596104bd/components/theme/useToken.ts"
"orange-9","runtime-computed","false","string","","","","","#873800","#f8cf8d","#873800","#f8cf8d","https://github.com/ant-design/ant-design/blob/164a310f742f801c49b3ff748b2823d5596104bd/components/theme/useToken.ts"
"orange1","runtime-computed","false","string","","","","","#fff7e6","#2b1d11","#fff7e6","#2b1d11","https://github.com/ant-design/ant-design/blob/164a310f742f801c49b3ff748b2823d5596104bd/components/theme/useToken.ts"
"orange10","runtime-computed","false","string","","","","","#612500","#fae3b7","#612500","#fae3b7","https://github.com/ant-design/ant-design/blob/164a310f742f801c49b3ff748b2823d5596104bd/components/theme/useToken.ts"
"orange2","runtime-computed","false","string","","","","","#ffe7ba","#442a11","#ffe7ba","#442a11","https://github.com/ant-design/ant-design/blob/164a310f742f801c49b3ff748b2823d5596104bd/components/theme/useToken.ts"
"orange3","runtime-computed","false","string","","","","","#ffd591","#593815","#ffd591","#593815","https://github.com/ant-design/ant-design/blob/164a310f742f801c49b3ff748b2823d5596104bd/components/theme/useToken.ts"
"orange4","runtime-computed","false","string","","","","","#ffc069","#7c4a15","#ffc069","#7c4a15","https://github.com/ant-design/ant-design/blob/164a310f742f801c49b3ff748b2823d5596104bd/components/theme/useToken.ts"
"orange5","runtime-computed","false","string","","","","","#ffa940","#aa6215","#ffa940","#aa6215","https://github.com/ant-design/ant-design/blob/164a310f742f801c49b3ff748b2823d5596104bd/components/theme/useToken.ts"
"orange6","runtime-computed","false","string","","","","","#fa8c16","#d87a16","#fa8c16","#d87a16","https://github.com/ant-design/ant-design/blob/164a310f742f801c49b3ff748b2823d5596104bd/components/theme/useToken.ts"
"orange7","runtime-computed","false","string","","","","","#d46b08","#e89a3c","#d46b08","#e89a3c","https://github.com/ant-design/ant-design/blob/164a310f742f801c49b3ff748b2823d5596104bd/components/theme/useToken.ts"
"orange8","runtime-computed","false","string","","","","","#ad4e00","#f3b765","#ad4e00","#f3b765","https://github.com/ant-design/ant-design/blob/164a310f742f801c49b3ff748b2823d5596104bd/components/theme/useToken.ts"
"orange9","runtime-computed","false","string","","","","","#873800","#f8cf8d","#873800","#f8cf8d","https://github.com/ant-design/ant-design/blob/164a310f742f801c49b3ff748b2823d5596104bd/components/theme/useToken.ts"
"orangeActive","runtime-computed","false","string","","","","","#d46b08","#e89a3c","#d46b08","#e89a3c","https://github.com/ant-design/ant-design/blob/164a310f742f801c49b3ff748b2823d5596104bd/components/theme/useToken.ts"
"orangeHover","runtime-computed","false","string","","","","","#ffa940","#aa6215","#ffa940","#aa6215","https://github.com/ant-design/ant-design/blob/164a310f742f801c49b3ff748b2823d5596104bd/components/theme/useToken.ts"
"padding","alias","true","number","内间距","Padding","控制元素的内间距。","Control the padding of the element.","16","16","8","8","https://github.com/ant-design/ant-design/blob/164a310f742f801c49b3ff748b2823d5596104bd/components/theme/interface/alias.ts"
"paddingContentHorizontal","alias","true","number","内容水平内间距","Content horizontal padding","控制内容元素水平内间距。","Control the horizontal padding of content element.","16","16","12","12","https://github.com/ant-design/ant-design/blob/164a310f742f801c49b3ff748b2823d5596104bd/components/theme/interface/alias.ts"
"paddingContentHorizontalLG","alias","true","number","内容水平内间距（LG）","Content horizontal padding (LG)","控制内容元素水平内间距，适用于大屏幕设备。","Control the horizontal padding of content element, suitable for large screen devices.","24","24","16","16","https://github.com/ant-design/ant-design/blob/164a310f742f801c49b3ff748b2823d5596104bd/components/theme/interface/alias.ts"
"paddingContentHorizontalSM","alias","true","number","内容水平内间距（SM）","Content horizontal padding (SM)","控制内容元素水平内间距，适用于小屏幕设备。","Control the horizontal padding of content element, suitable for small screen devices.","16","16","8","8","https://github.com/ant-design/ant-design/blob/164a310f742f801c49b3ff748b2823d5596104bd/components/theme/interface/alias.ts"
"paddingContentVertical","alias","true","number","内容垂直内间距","Content vertical padding","控制内容元素垂直内间距。","Control the vertical padding of content element.","12","12","8","8","https://github.com/ant-design/ant-design/blob/164a310f742f801c49b3ff748b2823d5596104bd/components/theme/interface/alias.ts"
"paddingContentVerticalLG","alias","true","number","内容垂直内间距（LG）","Content vertical padding (LG)","控制内容元素垂直内间距，适用于大屏幕设备。","Control the vertical padding of content element, suitable for large screen devices.","16","16","12","12","https://github.com/ant-design/ant-design/blob/164a310f742f801c49b3ff748b2823d5596104bd/components/theme/interface/alias.ts"
"paddingContentVerticalSM","alias","true","number","内容垂直内间距（SM）","Content vertical padding (SM)","控制内容元素垂直内间距，适用于小屏幕设备。","Control the vertical padding of content element, suitable for small screen devices.","8","8","4","4","https://github.com/ant-design/ant-design/blob/164a310f742f801c49b3ff748b2823d5596104bd/components/theme/interface/alias.ts"
"paddingLG","alias","true","number","大内间距","Large padding","控制元素的大内间距。","Control the large padding of the element.","24","24","16","16","https://github.com/ant-design/ant-design/blob/164a310f742f801c49b3ff748b2823d5596104bd/components/theme/interface/alias.ts"
"paddingMD","alias","true","number","中等内间距","Medium padding","控制元素的中等内间距。","Control the medium padding of the element.","20","20","16","16","https://github.com/ant-design/ant-design/blob/164a310f742f801c49b3ff748b2823d5596104bd/components/theme/interface/alias.ts"
"paddingSM","alias","true","number","小内间距","Small padding","控制元素的小内间距。","Control the small padding of the element.","12","12","8","8","https://github.com/ant-design/ant-design/blob/164a310f742f801c49b3ff748b2823d5596104bd/components/theme/interface/alias.ts"
"paddingXL","alias","true","number","特大内间距","Extra large padding","控制元素的特大内间距。","Control the extra large padding of the element.","32","32","32","32","https://github.com/ant-design/ant-design/blob/164a310f742f801c49b3ff748b2823d5596104bd/components/theme/interface/alias.ts"
"paddingXS","alias","true","number","特小内间距","Extra small padding","控制元素的特小内间距。","Control the extra small padding of the element.","8","8","4","4","https://github.com/ant-design/ant-design/blob/164a310f742f801c49b3ff748b2823d5596104bd/components/theme/interface/alias.ts"
"paddingXXS","alias","true","number","极小内间距","Extra extra small padding","控制元素的极小内间距。","Control the extra extra small padding of the element.","4","4","4","4","https://github.com/ant-design/ant-design/blob/164a310f742f801c49b3ff748b2823d5596104bd/components/theme/interface/alias.ts"
"pink","seed","true","color","预设pink颜色","Preset pink color","预设pink颜色","Preset pink color","#EB2F96","#EB2F96","#EB2F96","#EB2F96","https://github.com/ant-design/ant-design/blob/164a310f742f801c49b3ff748b2823d5596104bd/components/theme/interface/seeds.ts"
"pink-1","runtime-computed","false","string","","","","","#fff0f6","#291321","#fff0f6","#291321","https://github.com/ant-design/ant-design/blob/164a310f742f801c49b3ff748b2823d5596104bd/components/theme/useToken.ts"
"pink-10","runtime-computed","false","string","","","","","#520339","#fad2e3","#520339","#fad2e3","https://github.com/ant-design/ant-design/blob/164a310f742f801c49b3ff748b2823d5596104bd/components/theme/useToken.ts"
"pink-2","runtime-computed","false","string","","","","","#ffd6e7","#40162f","#ffd6e7","#40162f","https://github.com/ant-design/ant-design/blob/164a310f742f801c49b3ff748b2823d5596104bd/components/theme/useToken.ts"
"pink-3","runtime-computed","false","string","","","","","#ffadd2","#551c3b","#ffadd2","#551c3b","https://github.com/ant-design/ant-design/blob/164a310f742f801c49b3ff748b2823d5596104bd/components/theme/useToken.ts"
"pink-4","runtime-computed","false","string","","","","","#ff85c0","#75204f","#ff85c0","#75204f","https://github.com/ant-design/ant-design/blob/164a310f742f801c49b3ff748b2823d5596104bd/components/theme/useToken.ts"
"pink-5","runtime-computed","false","string","","","","","#f759ab","#a02669","#f759ab","#a02669","https://github.com/ant-design/ant-design/blob/164a310f742f801c49b3ff748b2823d5596104bd/components/theme/useToken.ts"
"pink-6","runtime-computed","false","string","","","","","#eb2f96","#cb2b83","#eb2f96","#cb2b83","https://github.com/ant-design/ant-design/blob/164a310f742f801c49b3ff748b2823d5596104bd/components/theme/useToken.ts"
"pink-7","runtime-computed","false","string","","","","","#c41d7f","#e0529c","#c41d7f","#e0529c","https://github.com/ant-design/ant-design/blob/164a310f742f801c49b3ff748b2823d5596104bd/components/theme/useToken.ts"
"pink-8","runtime-computed","false","string","","","","","#9e1068","#f37fb7","#9e1068","#f37fb7","https://github.com/ant-design/ant-design/blob/164a310f742f801c49b3ff748b2823d5596104bd/components/theme/useToken.ts"
"pink-9","runtime-computed","false","string","","","","","#780650","#f8a8cc","#780650","#f8a8cc","https://github.com/ant-design/ant-design/blob/164a310f742f801c49b3ff748b2823d5596104bd/components/theme/useToken.ts"
"pink1","runtime-computed","false","string","","","","","#fff0f6","#291321","#fff0f6","#291321","https://github.com/ant-design/ant-design/blob/164a310f742f801c49b3ff748b2823d5596104bd/components/theme/useToken.ts"
"pink10","runtime-computed","false","string","","","","","#520339","#fad2e3","#520339","#fad2e3","https://github.com/ant-design/ant-design/blob/164a310f742f801c49b3ff748b2823d5596104bd/components/theme/useToken.ts"
"pink2","runtime-computed","false","string","","","","","#ffd6e7","#40162f","#ffd6e7","#40162f","https://github.com/ant-design/ant-design/blob/164a310f742f801c49b3ff748b2823d5596104bd/components/theme/useToken.ts"
"pink3","runtime-computed","false","string","","","","","#ffadd2","#551c3b","#ffadd2","#551c3b","https://github.com/ant-design/ant-design/blob/164a310f742f801c49b3ff748b2823d5596104bd/components/theme/useToken.ts"
"pink4","runtime-computed","false","string","","","","","#ff85c0","#75204f","#ff85c0","#75204f","https://github.com/ant-design/ant-design/blob/164a310f742f801c49b3ff748b2823d5596104bd/components/theme/useToken.ts"
"pink5","runtime-computed","false","string","","","","","#f759ab","#a02669","#f759ab","#a02669","https://github.com/ant-design/ant-design/blob/164a310f742f801c49b3ff748b2823d5596104bd/components/theme/useToken.ts"
"pink6","runtime-computed","false","string","","","","","#eb2f96","#cb2b83","#eb2f96","#cb2b83","https://github.com/ant-design/ant-design/blob/164a310f742f801c49b3ff748b2823d5596104bd/components/theme/useToken.ts"
"pink7","runtime-computed","false","string","","","","","#c41d7f","#e0529c","#c41d7f","#e0529c","https://github.com/ant-design/ant-design/blob/164a310f742f801c49b3ff748b2823d5596104bd/components/theme/useToken.ts"
"pink8","runtime-computed","false","string","","","","","#9e1068","#f37fb7","#9e1068","#f37fb7","https://github.com/ant-design/ant-design/blob/164a310f742f801c49b3ff748b2823d5596104bd/components/theme/useToken.ts"
"pink9","runtime-computed","false","string","","","","","#780650","#f8a8cc","#780650","#f8a8cc","https://github.com/ant-design/ant-design/blob/164a310f742f801c49b3ff748b2823d5596104bd/components/theme/useToken.ts"
"pinkActive","runtime-computed","false","string","","","","","#c41d7f","#e0529c","#c41d7f","#e0529c","https://github.com/ant-design/ant-design/blob/164a310f742f801c49b3ff748b2823d5596104bd/components/theme/useToken.ts"
"pinkHover","runtime-computed","false","string","","","","","#f759ab","#a02669","#f759ab","#a02669","https://github.com/ant-design/ant-design/blob/164a310f742f801c49b3ff748b2823d5596104bd/components/theme/useToken.ts"
"purple","seed","true","color","预设purple颜色","Preset purple color","预设purple颜色","Preset purple color","#722ED1","#722ED1","#722ED1","#722ED1","https://github.com/ant-design/ant-design/blob/164a310f742f801c49b3ff748b2823d5596104bd/components/theme/interface/seeds.ts"
"purple-1","runtime-computed","false","string","","","","","#f9f0ff","#1a1325","#f9f0ff","#1a1325","https://github.com/ant-design/ant-design/blob/164a310f742f801c49b3ff748b2823d5596104bd/components/theme/useToken.ts"
"purple-10","runtime-computed","false","string","","","","","#120338","#ebd7fa","#120338","#ebd7fa","https://github.com/ant-design/ant-design/blob/164a310f742f801c49b3ff748b2823d5596104bd/components/theme/useToken.ts"
"purple-2","runtime-computed","false","string","","","","","#efdbff","#24163a","#efdbff","#24163a","https://github.com/ant-design/ant-design/blob/164a310f742f801c49b3ff748b2823d5596104bd/components/theme/useToken.ts"
"purple-3","runtime-computed","false","string","","","","","#d3adf7","#301c4d","#d3adf7","#301c4d","https://github.com/ant-design/ant-design/blob/164a310f742f801c49b3ff748b2823d5596104bd/components/theme/useToken.ts"
"purple-4","runtime-computed","false","string","","","","","#b37feb","#3e2069","#b37feb","#3e2069","https://github.com/ant-design/ant-design/blob/164a310f742f801c49b3ff748b2823d5596104bd/components/theme/useToken.ts"
"purple-5","runtime-computed","false","string","","","","","#9254de","#51258f","#9254de","#51258f","https://github.com/ant-design/ant-design/blob/164a310f742f801c49b3ff748b2823d5596104bd/components/theme/useToken.ts"
"purple-6","runtime-computed","false","string","","","","","#722ed1","#642ab5","#722ed1","#642ab5","https://github.com/ant-design/ant-design/blob/164a310f742f801c49b3ff748b2823d5596104bd/components/theme/useToken.ts"
"purple-7","runtime-computed","false","string","","","","","#531dab","#854eca","#531dab","#854eca","https://github.com/ant-design/ant-design/blob/164a310f742f801c49b3ff748b2823d5596104bd/components/theme/useToken.ts"
"purple-8","runtime-computed","false","string","","","","","#391085","#ab7ae0","#391085","#ab7ae0","https://github.com/ant-design/ant-design/blob/164a310f742f801c49b3ff748b2823d5596104bd/components/theme/useToken.ts"
"purple-9","runtime-computed","false","string","","","","","#22075e","#cda8f0","#22075e","#cda8f0","https://github.com/ant-design/ant-design/blob/164a310f742f801c49b3ff748b2823d5596104bd/components/theme/useToken.ts"
"purple1","runtime-computed","false","string","","","","","#f9f0ff","#1a1325","#f9f0ff","#1a1325","https://github.com/ant-design/ant-design/blob/164a310f742f801c49b3ff748b2823d5596104bd/components/theme/useToken.ts"
"purple10","runtime-computed","false","string","","","","","#120338","#ebd7fa","#120338","#ebd7fa","https://github.com/ant-design/ant-design/blob/164a310f742f801c49b3ff748b2823d5596104bd/components/theme/useToken.ts"
"purple2","runtime-computed","false","string","","","","","#efdbff","#24163a","#efdbff","#24163a","https://github.com/ant-design/ant-design/blob/164a310f742f801c49b3ff748b2823d5596104bd/components/theme/useToken.ts"
"purple3","runtime-computed","false","string","","","","","#d3adf7","#301c4d","#d3adf7","#301c4d","https://github.com/ant-design/ant-design/blob/164a310f742f801c49b3ff748b2823d5596104bd/components/theme/useToken.ts"
"purple4","runtime-computed","false","string","","","","","#b37feb","#3e2069","#b37feb","#3e2069","https://github.com/ant-design/ant-design/blob/164a310f742f801c49b3ff748b2823d5596104bd/components/theme/useToken.ts"
"purple5","runtime-computed","false","string","","","","","#9254de","#51258f","#9254de","#51258f","https://github.com/ant-design/ant-design/blob/164a310f742f801c49b3ff748b2823d5596104bd/components/theme/useToken.ts"
"purple6","runtime-computed","false","string","","","","","#722ed1","#642ab5","#722ed1","#642ab5","https://github.com/ant-design/ant-design/blob/164a310f742f801c49b3ff748b2823d5596104bd/components/theme/useToken.ts"
"purple7","runtime-computed","false","string","","","","","#531dab","#854eca","#531dab","#854eca","https://github.com/ant-design/ant-design/blob/164a310f742f801c49b3ff748b2823d5596104bd/components/theme/useToken.ts"
"purple8","runtime-computed","false","string","","","","","#391085","#ab7ae0","#391085","#ab7ae0","https://github.com/ant-design/ant-design/blob/164a310f742f801c49b3ff748b2823d5596104bd/components/theme/useToken.ts"
"purple9","runtime-computed","false","string","","","","","#22075e","#cda8f0","#22075e","#cda8f0","https://github.com/ant-design/ant-design/blob/164a310f742f801c49b3ff748b2823d5596104bd/components/theme/useToken.ts"
"purpleActive","runtime-computed","false","string","","","","","#531dab","#854eca","#531dab","#854eca","https://github.com/ant-design/ant-design/blob/164a310f742f801c49b3ff748b2823d5596104bd/components/theme/useToken.ts"
"purpleHover","runtime-computed","false","string","","","","","#9254de","#51258f","#9254de","#51258f","https://github.com/ant-design/ant-design/blob/164a310f742f801c49b3ff748b2823d5596104bd/components/theme/useToken.ts"
"red","seed","true","color","预设red颜色","Preset red color","预设red颜色","Preset red color","#F5222D","#F5222D","#F5222D","#F5222D","https://github.com/ant-design/ant-design/blob/164a310f742f801c49b3ff748b2823d5596104bd/components/theme/interface/seeds.ts"
"red-1","runtime-computed","false","string","","","","","#fff1f0","#2a1215","#fff1f0","#2a1215","https://github.com/ant-design/ant-design/blob/164a310f742f801c49b3ff748b2823d5596104bd/components/theme/useToken.ts"
"red-10","runtime-computed","false","string","","","","","#5c0011","#fac8c3","#5c0011","#fac8c3","https://github.com/ant-design/ant-design/blob/164a310f742f801c49b3ff748b2823d5596104bd/components/theme/useToken.ts"
"red-2","runtime-computed","false","string","","","","","#ffccc7","#431418","#ffccc7","#431418","https://github.com/ant-design/ant-design/blob/164a310f742f801c49b3ff748b2823d5596104bd/components/theme/useToken.ts"
"red-3","runtime-computed","false","string","","","","","#ffa39e","#58181c","#ffa39e","#58181c","https://github.com/ant-design/ant-design/blob/164a310f742f801c49b3ff748b2823d5596104bd/components/theme/useToken.ts"
"red-4","runtime-computed","false","string","","","","","#ff7875","#791a1f","#ff7875","#791a1f","https://github.com/ant-design/ant-design/blob/164a310f742f801c49b3ff748b2823d5596104bd/components/theme/useToken.ts"
"red-5","runtime-computed","false","string","","","","","#ff4d4f","#a61d24","#ff4d4f","#a61d24","https://github.com/ant-design/ant-design/blob/164a310f742f801c49b3ff748b2823d5596104bd/components/theme/useToken.ts"
"red-6","runtime-computed","false","string","","","","","#f5222d","#d32029","#f5222d","#d32029","https://github.com/ant-design/ant-design/blob/164a310f742f801c49b3ff748b2823d5596104bd/components/theme/useToken.ts"
"red-7","runtime-computed","false","string","","","","","#cf1322","#e84749","#cf1322","#e84749","https://github.com/ant-design/ant-design/blob/164a310f742f801c49b3ff748b2823d5596104bd/components/theme/useToken.ts"
"red-8","runtime-computed","false","string","","","","","#a8071a","#f37370","#a8071a","#f37370","https://github.com/ant-design/ant-design/blob/164a310f742f801c49b3ff748b2823d5596104bd/components/theme/useToken.ts"
"red-9","runtime-computed","false","string","","","","","#820014","#f89f9a","#820014","#f89f9a","https://github.com/ant-design/ant-design/blob/164a310f742f801c49b3ff748b2823d5596104bd/components/theme/useToken.ts"
"red1","runtime-computed","false","string","","","","","#fff1f0","#2a1215","#fff1f0","#2a1215","https://github.com/ant-design/ant-design/blob/164a310f742f801c49b3ff748b2823d5596104bd/components/theme/useToken.ts"
"red10","runtime-computed","false","string","","","","","#5c0011","#fac8c3","#5c0011","#fac8c3","https://github.com/ant-design/ant-design/blob/164a310f742f801c49b3ff748b2823d5596104bd/components/theme/useToken.ts"
"red2","runtime-computed","false","string","","","","","#ffccc7","#431418","#ffccc7","#431418","https://github.com/ant-design/ant-design/blob/164a310f742f801c49b3ff748b2823d5596104bd/components/theme/useToken.ts"
"red3","runtime-computed","false","string","","","","","#ffa39e","#58181c","#ffa39e","#58181c","https://github.com/ant-design/ant-design/blob/164a310f742f801c49b3ff748b2823d5596104bd/components/theme/useToken.ts"
"red4","runtime-computed","false","string","","","","","#ff7875","#791a1f","#ff7875","#791a1f","https://github.com/ant-design/ant-design/blob/164a310f742f801c49b3ff748b2823d5596104bd/components/theme/useToken.ts"
"red5","runtime-computed","false","string","","","","","#ff4d4f","#a61d24","#ff4d4f","#a61d24","https://github.com/ant-design/ant-design/blob/164a310f742f801c49b3ff748b2823d5596104bd/components/theme/useToken.ts"
"red6","runtime-computed","false","string","","","","","#f5222d","#d32029","#f5222d","#d32029","https://github.com/ant-design/ant-design/blob/164a310f742f801c49b3ff748b2823d5596104bd/components/theme/useToken.ts"
"red7","runtime-computed","false","string","","","","","#cf1322","#e84749","#cf1322","#e84749","https://github.com/ant-design/ant-design/blob/164a310f742f801c49b3ff748b2823d5596104bd/components/theme/useToken.ts"
"red8","runtime-computed","false","string","","","","","#a8071a","#f37370","#a8071a","#f37370","https://github.com/ant-design/ant-design/blob/164a310f742f801c49b3ff748b2823d5596104bd/components/theme/useToken.ts"
"red9","runtime-computed","false","string","","","","","#820014","#f89f9a","#820014","#f89f9a","https://github.com/ant-design/ant-design/blob/164a310f742f801c49b3ff748b2823d5596104bd/components/theme/useToken.ts"
"redActive","runtime-computed","false","string","","","","","#cf1322","#e84749","#cf1322","#e84749","https://github.com/ant-design/ant-design/blob/164a310f742f801c49b3ff748b2823d5596104bd/components/theme/useToken.ts"
"redHover","runtime-computed","false","string","","","","","#ff4d4f","#a61d24","#ff4d4f","#a61d24","https://github.com/ant-design/ant-design/blob/164a310f742f801c49b3ff748b2823d5596104bd/components/theme/useToken.ts"
"screenLG","alias","true","number","屏幕宽度（像素） - 大屏幕","Screen width (pixels) - Large screens","控制大屏幕的屏幕宽度。","Control the screen width of large screens.","992","992","992","992","https://github.com/ant-design/ant-design/blob/164a310f742f801c49b3ff748b2823d5596104bd/components/theme/interface/alias.ts"
"screenLGMax","alias","true","number","屏幕宽度（像素） - 大屏幕最大值","Screen width (pixels) - Large screens maximum value","控制大屏幕的最大宽度。","Control the maximum width of large screens.","1199","1199","1199","1199","https://github.com/ant-design/ant-design/blob/164a310f742f801c49b3ff748b2823d5596104bd/components/theme/interface/alias.ts"
"screenLGMin","alias","true","number","屏幕宽度（像素） - 大屏幕最小值","Screen width (pixels) - Large screens minimum value","控制大屏幕的最小宽度。","Control the minimum width of large screens.","992","992","992","992","https://github.com/ant-design/ant-design/blob/164a310f742f801c49b3ff748b2823d5596104bd/components/theme/interface/alias.ts"
"screenMD","alias","true","number","屏幕宽度（像素） - 中等屏幕","Screen width (pixels) - Medium screens","控制中等屏幕的屏幕宽度。","Control the screen width of medium screens.","768","768","768","768","https://github.com/ant-design/ant-design/blob/164a310f742f801c49b3ff748b2823d5596104bd/components/theme/interface/alias.ts"
"screenMDMax","alias","true","number","屏幕宽度（像素） - 中等屏幕最大值","Screen width (pixels) - Medium screens maximum value","控制中等屏幕的最大宽度。","Control the maximum width of medium screens.","991","991","991","991","https://github.com/ant-design/ant-design/blob/164a310f742f801c49b3ff748b2823d5596104bd/components/theme/interface/alias.ts"
"screenMDMin","alias","true","number","屏幕宽度（像素） - 中等屏幕最小值","Screen width (pixels) - Medium screens minimum value","控制中等屏幕的最小宽度。","Control the minimum width of medium screens.","768","768","768","768","https://github.com/ant-design/ant-design/blob/164a310f742f801c49b3ff748b2823d5596104bd/components/theme/interface/alias.ts"
"screenSM","alias","true","number","屏幕宽度（像素） - 小屏幕","Screen width (pixels) - Small screens","控制小屏幕的屏幕宽度。","Control the screen width of small screens.","576","576","576","576","https://github.com/ant-design/ant-design/blob/164a310f742f801c49b3ff748b2823d5596104bd/components/theme/interface/alias.ts"
"screenSMMax","alias","true","number","屏幕宽度（像素） - 小屏幕最大值","Screen width (pixels) - Small screens maximum value","控制小屏幕的最大宽度。","Control the maximum width of small screens.","767","767","767","767","https://github.com/ant-design/ant-design/blob/164a310f742f801c49b3ff748b2823d5596104bd/components/theme/interface/alias.ts"
"screenSMMin","alias","true","number","屏幕宽度（像素） - 小屏幕最小值","Screen width (pixels) - Small screens minimum value","控制小屏幕的最小宽度。","Control the minimum width of small screens.","576","576","576","576","https://github.com/ant-design/ant-design/blob/164a310f742f801c49b3ff748b2823d5596104bd/components/theme/interface/alias.ts"
"screenXL","alias","true","number","屏幕宽度（像素） - 超大屏幕","Screen width (pixels) - Extra large screens","控制超大屏幕的屏幕宽度。","Control the screen width of extra large screens.","1200","1200","1200","1200","https://github.com/ant-design/ant-design/blob/164a310f742f801c49b3ff748b2823d5596104bd/components/theme/interface/alias.ts"
"screenXLMax","alias","true","number","屏幕宽度（像素） - 超大屏幕最大值","Screen width (pixels) - Extra large screens maximum value","控制超大屏幕的最大宽度。","Control the maximum width of extra large screens.","1599","1599","1599","1599","https://github.com/ant-design/ant-design/blob/164a310f742f801c49b3ff748b2823d5596104bd/components/theme/interface/alias.ts"
"screenXLMin","alias","true","number","屏幕宽度（像素） - 超大屏幕最小值","Screen width (pixels) - Extra large screens minimum value","控制超大屏幕的最小宽度。","Control the minimum width of extra large screens.","1200","1200","1200","1200","https://github.com/ant-design/ant-design/blob/164a310f742f801c49b3ff748b2823d5596104bd/components/theme/interface/alias.ts"
"screenXS","alias","true","number","屏幕宽度（像素） - 超小屏幕","Screen width (pixels) - Extra small screens","控制超小屏幕的屏幕宽度。","Control the screen width of extra small screens.","480","480","480","480","https://github.com/ant-design/ant-design/blob/164a310f742f801c49b3ff748b2823d5596104bd/components/theme/interface/alias.ts"
"screenXSMax","alias","true","number","屏幕宽度（像素） - 超小屏幕最大值","Screen width (pixels) - Extra small screens maximum value","控制超小屏幕的最大宽度。","Control the maximum width of extra small screens.","575","575","575","575","https://github.com/ant-design/ant-design/blob/164a310f742f801c49b3ff748b2823d5596104bd/components/theme/interface/alias.ts"
"screenXSMin","alias","true","number","屏幕宽度（像素） - 超小屏幕最小值","Screen width (pixels) - Extra small screens minimum value","控制超小屏幕的最小宽度。","Control the minimum width of extra small screens.","480","480","480","480","https://github.com/ant-design/ant-design/blob/164a310f742f801c49b3ff748b2823d5596104bd/components/theme/interface/alias.ts"
"screenXXL","alias","true","number","屏幕宽度（像素） - 超超大屏幕","Screen width (pixels) - Extra extra large screens","控制超超大屏幕的屏幕宽度。","Control the screen width of extra extra large screens.","1600","1600","1600","1600","https://github.com/ant-design/ant-design/blob/164a310f742f801c49b3ff748b2823d5596104bd/components/theme/interface/alias.ts"
"screenXXLMax","alias","true","number","屏幕宽度（像素） - 超超大屏幕最大值","Screen width (pixels) - Extra extra large screens maximum value","控制超超大屏幕的最大宽度。","Control the maximum width of extra extra large screens.","1919","1919","1919","1919","https://github.com/ant-design/ant-design/blob/164a310f742f801c49b3ff748b2823d5596104bd/components/theme/interface/alias.ts"
"screenXXLMin","alias","true","number","屏幕宽度（像素） - 超超大屏幕最小值","Screen width (pixels) - Extra extra large screens minimum value","控制超超大屏幕的最小宽度。","Control the minimum width of extra extra large screens.","1600","1600","1600","1600","https://github.com/ant-design/ant-design/blob/164a310f742f801c49b3ff748b2823d5596104bd/components/theme/interface/alias.ts"
"screenXXXL","alias","true","number","屏幕宽度（像素） - 超超超大屏幕","Screen width (pixels) - XXXL screens","控制超超超大屏幕的屏幕宽度。","Control the screen width of XXXL screens.","1920","1920","1920","1920","https://github.com/ant-design/ant-design/blob/164a310f742f801c49b3ff748b2823d5596104bd/components/theme/interface/alias.ts"
"screenXXXLMin","alias","true","number","屏幕宽度（像素） - 超超超大屏幕最小值","Screen width (pixels) - XXXL screens minimum value","控制超超超大屏幕的最小宽度。","Control the minimum width of XXXL screens.","1920","1920","1920","1920","https://github.com/ant-design/ant-design/blob/164a310f742f801c49b3ff748b2823d5596104bd/components/theme/interface/alias.ts"
"size","map","true","number","默认","","中等尺寸","Medium size","16","16","8","8","https://github.com/ant-design/ant-design/blob/164a310f742f801c49b3ff748b2823d5596104bd/components/theme/interface/maps/index.ts"
"sizeLG","map","true","number","LG","","大尺寸","Large size","24","24","16","16","https://github.com/ant-design/ant-design/blob/164a310f742f801c49b3ff748b2823d5596104bd/components/theme/interface/maps/index.ts"
"sizeMD","map","true","number","MD","","中大尺寸","Medium-large size","20","20","16","16","https://github.com/ant-design/ant-design/blob/164a310f742f801c49b3ff748b2823d5596104bd/components/theme/interface/maps/index.ts"
"sizeMS","map","true","number","MS","","与size大小相同，但在紧凑模式下可能更大","Same as `size`, but could be larger in compact mode","16","16","12","12","https://github.com/ant-design/ant-design/blob/164a310f742f801c49b3ff748b2823d5596104bd/components/theme/interface/maps/index.ts"
"sizePopupArrow","seed","true","number","组件箭头尺寸","","组件箭头的尺寸","The size of the component arrow","16","16","16","16","https://github.com/ant-design/ant-design/blob/164a310f742f801c49b3ff748b2823d5596104bd/components/theme/interface/seeds.ts"
"sizeSM","map","true","number","SM","","中小尺寸","Medium-small size","12","12","8","8","https://github.com/ant-design/ant-design/blob/164a310f742f801c49b3ff748b2823d5596104bd/components/theme/interface/maps/index.ts"
"sizeStep","seed","true","number","尺寸步长","Size Base Step","用于控制组件尺寸的基础步长，尺寸步长结合尺寸变化单位，就可以派生各种尺寸梯度。通过调整步长即可得到不同的布局模式，例如 V5 紧凑模式下的尺寸步长为 2","The base step of size change, the size step combined with the size change unit, can derive various size steps. By adjusting the step, you can get different layout modes, such as the size step of the compact mode of V5 is 2","4","4","4","4","https://github.com/ant-design/ant-design/blob/164a310f742f801c49b3ff748b2823d5596104bd/components/theme/interface/seeds.ts"
"sizeUnit","seed","true","number","尺寸变化单位","Size Change Unit","用于控制组件尺寸的变化单位，在 Ant Design 中我们的基础单位为 4 ，便于更加细致地控制尺寸梯度","The unit of size change, in Ant Design, our base unit is 4, which is more fine-grained control of the size step","4","4","4","4","https://github.com/ant-design/ant-design/blob/164a310f742f801c49b3ff748b2823d5596104bd/components/theme/interface/seeds.ts"
"sizeXL","map","true","number","XL","","超大尺寸","Extra-large size","32","32","32","32","https://github.com/ant-design/ant-design/blob/164a310f742f801c49b3ff748b2823d5596104bd/components/theme/interface/maps/index.ts"
"sizeXS","map","true","number","XS","","小尺寸","Small size","8","8","4","4","https://github.com/ant-design/ant-design/blob/164a310f742f801c49b3ff748b2823d5596104bd/components/theme/interface/maps/index.ts"
"sizeXXL","map","true","number","XXL","","最大尺寸","Largest size","48","48","48","48","https://github.com/ant-design/ant-design/blob/164a310f742f801c49b3ff748b2823d5596104bd/components/theme/interface/maps/index.ts"
"sizeXXS","map","true","number","XXS","","最小尺寸","Smallest size","4","4","4","4","https://github.com/ant-design/ant-design/blob/164a310f742f801c49b3ff748b2823d5596104bd/components/theme/interface/maps/index.ts"
"volcano","seed","true","color","预设volcano颜色","Preset volcano color","预设volcano颜色","Preset volcano color","#FA541C","#FA541C","#FA541C","#FA541C","https://github.com/ant-design/ant-design/blob/164a310f742f801c49b3ff748b2823d5596104bd/components/theme/interface/seeds.ts"
"volcano-1","runtime-computed","false","string","","","","","#fff2e8","#2b1611","#fff2e8","#2b1611","https://github.com/ant-design/ant-design/blob/164a310f742f801c49b3ff748b2823d5596104bd/components/theme/useToken.ts"
"volcano-10","runtime-computed","false","string","","","","","#610b00","#fad4bc","#610b00","#fad4bc","https://github.com/ant-design/ant-design/blob/164a310f742f801c49b3ff748b2823d5596104bd/components/theme/useToken.ts"
"volcano-2","runtime-computed","false","string","","","","","#ffd8bf","#441d12","#ffd8bf","#441d12","https://github.com/ant-design/ant-design/blob/164a310f742f801c49b3ff748b2823d5596104bd/components/theme/useToken.ts"
"volcano-3","runtime-computed","false","string","","","","","#ffbb96","#592716","#ffbb96","#592716","https://github.com/ant-design/ant-design/blob/164a310f742f801c49b3ff748b2823d5596104bd/components/theme/useToken.ts"
"volcano-4","runtime-computed","false","string","","","","","#ff9c6e","#7c3118","#ff9c6e","#7c3118","https://github.com/ant-design/ant-design/blob/164a310f742f801c49b3ff748b2823d5596104bd/components/theme/useToken.ts"
"volcano-5","runtime-computed","false","string","","","","","#ff7a45","#aa3e19","#ff7a45","#aa3e19","https://github.com/ant-design/ant-design/blob/164a310f742f801c49b3ff748b2823d5596104bd/components/theme/useToken.ts"
"volcano-6","runtime-computed","false","string","","","","","#fa541c","#d84a1b","#fa541c","#d84a1b","https://github.com/ant-design/ant-design/blob/164a310f742f801c49b3ff748b2823d5596104bd/components/theme/useToken.ts"
"volcano-7","runtime-computed","false","string","","","","","#d4380d","#e87040","#d4380d","#e87040","https://github.com/ant-design/ant-design/blob/164a310f742f801c49b3ff748b2823d5596104bd/components/theme/useToken.ts"
"volcano-8","runtime-computed","false","string","","","","","#ad2102","#f3956a","#ad2102","#f3956a","https://github.com/ant-design/ant-design/blob/164a310f742f801c49b3ff748b2823d5596104bd/components/theme/useToken.ts"
"volcano-9","runtime-computed","false","string","","","","","#871400","#f8b692","#871400","#f8b692","https://github.com/ant-design/ant-design/blob/164a310f742f801c49b3ff748b2823d5596104bd/components/theme/useToken.ts"
"volcano1","runtime-computed","false","string","","","","","#fff2e8","#2b1611","#fff2e8","#2b1611","https://github.com/ant-design/ant-design/blob/164a310f742f801c49b3ff748b2823d5596104bd/components/theme/useToken.ts"
"volcano10","runtime-computed","false","string","","","","","#610b00","#fad4bc","#610b00","#fad4bc","https://github.com/ant-design/ant-design/blob/164a310f742f801c49b3ff748b2823d5596104bd/components/theme/useToken.ts"
"volcano2","runtime-computed","false","string","","","","","#ffd8bf","#441d12","#ffd8bf","#441d12","https://github.com/ant-design/ant-design/blob/164a310f742f801c49b3ff748b2823d5596104bd/components/theme/useToken.ts"
"volcano3","runtime-computed","false","string","","","","","#ffbb96","#592716","#ffbb96","#592716","https://github.com/ant-design/ant-design/blob/164a310f742f801c49b3ff748b2823d5596104bd/components/theme/useToken.ts"
"volcano4","runtime-computed","false","string","","","","","#ff9c6e","#7c3118","#ff9c6e","#7c3118","https://github.com/ant-design/ant-design/blob/164a310f742f801c49b3ff748b2823d5596104bd/components/theme/useToken.ts"
"volcano5","runtime-computed","false","string","","","","","#ff7a45","#aa3e19","#ff7a45","#aa3e19","https://github.com/ant-design/ant-design/blob/164a310f742f801c49b3ff748b2823d5596104bd/components/theme/useToken.ts"
"volcano6","runtime-computed","false","string","","","","","#fa541c","#d84a1b","#fa541c","#d84a1b","https://github.com/ant-design/ant-design/blob/164a310f742f801c49b3ff748b2823d5596104bd/components/theme/useToken.ts"
"volcano7","runtime-computed","false","string","","","","","#d4380d","#e87040","#d4380d","#e87040","https://github.com/ant-design/ant-design/blob/164a310f742f801c49b3ff748b2823d5596104bd/components/theme/useToken.ts"
"volcano8","runtime-computed","false","string","","","","","#ad2102","#f3956a","#ad2102","#f3956a","https://github.com/ant-design/ant-design/blob/164a310f742f801c49b3ff748b2823d5596104bd/components/theme/useToken.ts"
"volcano9","runtime-computed","false","string","","","","","#871400","#f8b692","#871400","#f8b692","https://github.com/ant-design/ant-design/blob/164a310f742f801c49b3ff748b2823d5596104bd/components/theme/useToken.ts"
"volcanoActive","runtime-computed","false","string","","","","","#d4380d","#e87040","#d4380d","#e87040","https://github.com/ant-design/ant-design/blob/164a310f742f801c49b3ff748b2823d5596104bd/components/theme/useToken.ts"
"volcanoHover","runtime-computed","false","string","","","","","#ff7a45","#aa3e19","#ff7a45","#aa3e19","https://github.com/ant-design/ant-design/blob/164a310f742f801c49b3ff748b2823d5596104bd/components/theme/useToken.ts"
"wireframe","seed","true","boolean","线框风格","Wireframe Style","用于将组件的视觉效果变为线框化，如果需要使用 V4 的效果，需要开启配置项","Used to change the visual effect of the component to wireframe, if you need to use the V4 effect, you need to enable the configuration item","false","false","false","false","https://github.com/ant-design/ant-design/blob/164a310f742f801c49b3ff748b2823d5596104bd/components/theme/interface/seeds.ts"
"yellow","seed","true","color","预设yellow颜色","Preset yellow color","预设yellow颜色","Preset yellow color","#FADB14","#FADB14","#FADB14","#FADB14","https://github.com/ant-design/ant-design/blob/164a310f742f801c49b3ff748b2823d5596104bd/components/theme/interface/seeds.ts"
"yellow-1","runtime-computed","false","string","","","","","#feffe6","#2b2611","#feffe6","#2b2611","https://github.com/ant-design/ant-design/blob/164a310f742f801c49b3ff748b2823d5596104bd/components/theme/useToken.ts"
"yellow-10","runtime-computed","false","string","","","","","#614700","#fafab5","#614700","#fafab5","https://github.com/ant-design/ant-design/blob/164a310f742f801c49b3ff748b2823d5596104bd/components/theme/useToken.ts"
"yellow-2","runtime-computed","false","string","","","","","#ffffb8","#443b11","#ffffb8","#443b11","https://github.com/ant-design/ant-design/blob/164a310f742f801c49b3ff748b2823d5596104bd/components/theme/useToken.ts"
"yellow-3","runtime-computed","false","string","","","","","#fffb8f","#595014","#fffb8f","#595014","https://github.com/ant-design/ant-design/blob/164a310f742f801c49b3ff748b2823d5596104bd/components/theme/useToken.ts"
"yellow-4","runtime-computed","false","string","","","","","#fff566","#7c6e14","#fff566","#7c6e14","https://github.com/ant-design/ant-design/blob/164a310f742f801c49b3ff748b2823d5596104bd/components/theme/useToken.ts"
"yellow-5","runtime-computed","false","string","","","","","#ffec3d","#aa9514","#ffec3d","#aa9514","https://github.com/ant-design/ant-design/blob/164a310f742f801c49b3ff748b2823d5596104bd/components/theme/useToken.ts"
"yellow-6","runtime-computed","false","string","","","","","#fadb14","#d8bd14","#fadb14","#d8bd14","https://github.com/ant-design/ant-design/blob/164a310f742f801c49b3ff748b2823d5596104bd/components/theme/useToken.ts"
"yellow-7","runtime-computed","false","string","","","","","#d4b106","#e8d639","#d4b106","#e8d639","https://github.com/ant-design/ant-design/blob/164a310f742f801c49b3ff748b2823d5596104bd/components/theme/useToken.ts"
"yellow-8","runtime-computed","false","string","","","","","#ad8b00","#f3ea62","#ad8b00","#f3ea62","https://github.com/ant-design/ant-design/blob/164a310f742f801c49b3ff748b2823d5596104bd/components/theme/useToken.ts"
"yellow-9","runtime-computed","false","string","","","","","#876800","#f8f48b","#876800","#f8f48b","https://github.com/ant-design/ant-design/blob/164a310f742f801c49b3ff748b2823d5596104bd/components/theme/useToken.ts"
"yellow1","runtime-computed","false","string","","","","","#feffe6","#2b2611","#feffe6","#2b2611","https://github.com/ant-design/ant-design/blob/164a310f742f801c49b3ff748b2823d5596104bd/components/theme/useToken.ts"
"yellow10","runtime-computed","false","string","","","","","#614700","#fafab5","#614700","#fafab5","https://github.com/ant-design/ant-design/blob/164a310f742f801c49b3ff748b2823d5596104bd/components/theme/useToken.ts"
"yellow2","runtime-computed","false","string","","","","","#ffffb8","#443b11","#ffffb8","#443b11","https://github.com/ant-design/ant-design/blob/164a310f742f801c49b3ff748b2823d5596104bd/components/theme/useToken.ts"
"yellow3","runtime-computed","false","string","","","","","#fffb8f","#595014","#fffb8f","#595014","https://github.com/ant-design/ant-design/blob/164a310f742f801c49b3ff748b2823d5596104bd/components/theme/useToken.ts"
"yellow4","runtime-computed","false","string","","","","","#fff566","#7c6e14","#fff566","#7c6e14","https://github.com/ant-design/ant-design/blob/164a310f742f801c49b3ff748b2823d5596104bd/components/theme/useToken.ts"
"yellow5","runtime-computed","false","string","","","","","#ffec3d","#aa9514","#ffec3d","#aa9514","https://github.com/ant-design/ant-design/blob/164a310f742f801c49b3ff748b2823d5596104bd/components/theme/useToken.ts"
"yellow6","runtime-computed","false","string","","","","","#fadb14","#d8bd14","#fadb14","#d8bd14","https://github.com/ant-design/ant-design/blob/164a310f742f801c49b3ff748b2823d5596104bd/components/theme/useToken.ts"
"yellow7","runtime-computed","false","string","","","","","#d4b106","#e8d639","#d4b106","#e8d639","https://github.com/ant-design/ant-design/blob/164a310f742f801c49b3ff748b2823d5596104bd/components/theme/useToken.ts"
"yellow8","runtime-computed","false","string","","","","","#ad8b00","#f3ea62","#ad8b00","#f3ea62","https://github.com/ant-design/ant-design/blob/164a310f742f801c49b3ff748b2823d5596104bd/components/theme/useToken.ts"
"yellow9","runtime-computed","false","string","","","","","#876800","#f8f48b","#876800","#f8f48b","https://github.com/ant-design/ant-design/blob/164a310f742f801c49b3ff748b2823d5596104bd/components/theme/useToken.ts"
"yellowActive","runtime-computed","false","string","","","","","#d4b106","#e8d639","#d4b106","#e8d639","https://github.com/ant-design/ant-design/blob/164a310f742f801c49b3ff748b2823d5596104bd/components/theme/useToken.ts"
"yellowHover","runtime-computed","false","string","","","","","#ffec3d","#aa9514","#ffec3d","#aa9514","https://github.com/ant-design/ant-design/blob/164a310f742f801c49b3ff748b2823d5596104bd/components/theme/useToken.ts"
"zIndexBase","seed","true","number","基础 zIndex","Base zIndex","所有组件的基础 Z 轴值，用于一些悬浮类的组件的可以基于该值 Z 轴控制层级，例如 BackTop、 Affix 等","The base Z axis value of all components, which can be used to control the level of some floating components based on the Z axis value, such as BackTop, Affix, etc.","0","0","0","0","https://github.com/ant-design/ant-design/blob/164a310f742f801c49b3ff748b2823d5596104bd/components/theme/interface/seeds.ts"
"zIndexPopupBase","seed","true","number","浮层基础 zIndex","popup base zIndex","浮层类组件的基础 Z 轴值，用于一些悬浮类的组件的可以基于该值 Z 轴控制层级，例如 FloatButton、 Affix、Modal 等","Base zIndex of component like FloatButton, Affix which can be cover by large popup","1000","1000","1000","1000","https://github.com/ant-design/ant-design/blob/164a310f742f801c49b3ff748b2823d5596104bd/components/theme/interface/seeds.ts"
